TEAM_ID,MISSION_TIME,PACKET_COUNT,PACKET_TYPE,MODE,TP_RELEASED,ALTITUDE,TEMP,VOLTAGE,GPS_TIME,GPS_LATITUDE,GPS_LONGITUDE,GPS_ALTITUDE,GPS_SATS,SOFTWARE_STATE,CMD_ECHO
Initializing SD card...initialization done.,,,,,,,,,,,,,,,
1095,08:58:19,1,C,F,N,1.9,58.68,7.19,4941.5,2835.2037N,07705.4028E,284.31,4,LAUNCH_WAIT,CMD_ECHO
1095,08:58:20,2,C,F,56.78,1.9,58.64,7.23,4942.5,2835.2038N,07705.4025E,280.02,4,LAUNCH_WAIT,CMD_ECHO
1095,08:58:21,3,C,F,56.77,1.9,58.58,7.23,4943.5,2835.2037N,07705.4025E,287.73,4,LAUNCH_WAIT,CMD_ECHO
1095,08:58:22,4,C,F,57.22,2,58.52,7.24,4944.5,2835.2038N,07705.4026E,283.35,4,LAUNCH_WAIT,CMD_ECHO
1095,08:58:23,5,C,F,57.47,1.9,58.45,7.24,4945.5,2835.2037N,07705.4029E,284.04,4,LAUNCH_WAIT,CMD_ECHO
1095,08:58:24,6,C,F,56.95,1.9,58.39,7.24,4946.5,2835.2035N,07705.4027E,284.23,4,LAUNCH_WAIT,CMD_ECHO
1095,08:58:25,7,C,F,57.41,1.9,58.33,7.24,4947.5,2835.2037N,07705.4021E,288.01,4,LAUNCH_WAIT,CMD_ECHO
1095,08:58:26,8,C,F,56.86,1.9,58.3,7.21,4948.5,2835.2033N,07705.4028E,287.01,4,LAUNCH_WAIT,CMD_ECHO
1095,08:58:27,9,C,F,57.06,1.9,58.23,7.23,4949.5,2835.2038N,07705.4022E,283.42,4,LAUNCH_WAIT,CMD_ECHO
1095,08:58:28,10,C,F,57.32,1.9,58.17,7.24,4950.5,2835.2038N,07705.4025E,286.1,4,LAUNCH_WAIT,CMD_ECHO
1095,08:58:29,11,C,F,56.89,1.9,58.11,7.25,4951.5,2835.2034N,07705.4024E,289.59,4,LAUNCH_WAIT,CMD_ECHO
1095,08:58:30,12,C,F,57.02,1.9,58.05,7.2,4952.5,2835.2035N,07705.4022E,286.67,4,LAUNCH_WAIT,CMD_ECHO
1095,08:58:31,13,C,F,57.54,1.9,58,7.2,4953.5,2835.2033N,07705.4027E,288.15,4,LAUNCH_WAIT,CMD_ECHO
1095,08:58:32,14,C,F,57.19,1.8,57.96,7.23,4954.5,2835.2036N,07705.4027E,285.44,4,LAUNCH_WAIT,CMD_ECHO
1095,08:58:33,15,C,F,57.06,1.8,57.91,7.24,4955.5,2835.2031N,07705.4026E,288.93,4,LAUNCH_WAIT,CMD_ECHO
1095,08:58:34,16,C,F,57.45,1.8,57.85,7.23,4956.5,2835.2031N,07705.4021E,288.72,4,LAUNCH_WAIT,CMD_ECHO
1095,08:58:35,17,C,F,57.05,1.8,57.8,7.24,4957.5,2835.2035N,07705.4023E,285.19,4,LAUNCH_WAIT,CMD_ECHO
1095,08:58:36,18,C,F,56.71,1.8,57.74,7.25,4958.5,2835.2035N,07705.4028E,287.89,4,LAUNCH_WAIT,CMD_ECHO
1095,08:58:37,19,C,F,57.06,1.8,57.68,7.24,4959.5,2835.2032N,07705.4028E,279.9,4,LAUNCH_WAIT,CMD_ECHO
1095,08:58:38,20,C,F,56.95,1.8,57.65,7.2,5000.5,2835.2031N,07705.4021E,282.1,4,LAUNCH_WAIT,CMD_ECHO
1095,08:58:39,21,C,F,57.51,1.8,57.6,7.24,5001.5,2835.2035N,07705.4022E,283.51,4,LAUNCH_WAIT,CMD_ECHO
1095,08:58:40,22,C,F,57.29,1.8,57.55,7.24,5002.5,2835.2034N,07705.4023E,289.13,4,LAUNCH_WAIT,CMD_ECHO
1095,08:58:41,23,C,F,56.93,1.8,57.49,7.21,5003.5,2835.2035N,07705.4025E,281.74,4,LAUNCH_WAIT,CMD_ECHO
1095,08:58:42,24,C,F,57.07,1.9,57.45,7.19,5004.5,2835.2033N,07705.4021E,282.26,4,LAUNCH_WAIT,CMD_ECHO
1095,08:58:43,25,C,F,56.84,1.8,57.4,7.21,5005.5,2835.2033N,07705.4026E,287.44,4,LAUNCH_WAIT,CMD_ECHO
1095,08:58:44,26,C,F,57.16,1.8,57.38,7.24,5006.5,2835.2032N,07705.4028E,283.44,4,LAUNCH_WAIT,CMD_ECHO
1095,08:58:45,27,C,F,57.51,1.8,57.33,7.17,5007.5,2835.2039N,07705.4023E,279.94,4,LAUNCH_WAIT,CMD_ECHO
1095,08:58:46,28,C,F,56.77,1.9,57.28,7.23,5008.5,2835.2037N,07705.4028E,280.18,4,LAUNCH_WAIT,CMD_ECHO
1095,08:58:47,29,C,F,57.75,1.9,57.22,7.24,5009.5,2835.2032N,07705.4025E,283.22,4,LAUNCH_WAIT,CMD_ECHO
1095,08:58:48,30,C,F,56.95,1.9,57.18,7.24,5010.5,2835.2031N,07705.4026E,282.13,4,LAUNCH_WAIT,CMD_ECHO
1095,08:58:49,31,C,F,56.95,2,57.14,7.2,5011.5,2835.2036N,07705.4023E,284.97,4,LAUNCH_WAIT,CMD_ECHO
1095,08:58:50,32,C,F,57.69,2,57.12,7.21,5012.5,2835.2034N,07705.4025E,282.9,4,LAUNCH_WAIT,CMD_ECHO
1095,08:58:51,33,C,F,57.55,2,57.09,7.23,5013.5,2835.2031N,07705.4029E,286.4,4,LAUNCH_WAIT,CMD_ECHO
1095,08:58:52,34,C,F,57.74,2,57.06,7.23,5014.5,2835.2034N,07705.4021E,287.52,4,LAUNCH_WAIT,CMD_ECHO
1095,08:58:53,35,C,F,57.45,2,57.04,7.19,5015.5,2835.2039N,07705.4027E,281.93,4,LAUNCH_WAIT,CMD_ECHO
1095,08:58:54,36,C,F,57.76,2,57.02,7.2,5016.5,2835.2038N,07705.4024E,286.73,4,LAUNCH_WAIT,CMD_ECHO
1095,08:58:55,37,C,F,57.15,2.1,57.01,7.25,5017.5,2835.2039N,07705.4028E,289.86,4,LAUNCH_WAIT,CMD_ECHO
1095,08:58:56,38,C,F,57.35,2.1,57.01,7.19,5018.5,2835.2034N,07705.4024E,282.87,4,LAUNCH_WAIT,CMD_ECHO
1095,08:58:57,39,C,F,57.23,2.1,57.02,7.23,5019.5,2835.2036N,07705.4025E,283.97,4,LAUNCH_WAIT,CMD_ECHO
1095,08:58:58,40,C,F,57.44,2.1,57.03,7.21,5020.5,2835.2033N,07705.4022E,281.19,4,LAUNCH_WAIT,CMD_ECHO
1095,08:58:59,41,C,F,58.14,2.1,57.05,7.17,5021.5,2835.2035N,07705.4027E,280.19,4,LAUNCH_WAIT,CMD_ECHO
1095,08:59:00,42,C,F,57.36,2.1,57.08,7.2,5022.5,2835.2033N,07705.4025E,287.56,4,LAUNCH_WAIT,CMD_ECHO
1095,08:59:01,43,C,F,57.65,2.1,57.12,7.24,5023.5,2835.2035N,07705.4029E,289.46,4,LAUNCH_WAIT,CMD_ECHO
1095,08:59:02,44,C,F,58.23,2.1,57.13,7.2,5024.5,2835.2032N,07705.4021E,288.49,4,LAUNCH_WAIT,CMD_ECHO
1095,08:59:03,45,C,F,57.9,2.1,57.18,7.21,5025.5,2835.2032N,07705.4023E,282.8,4,LAUNCH_WAIT,CMD_ECHO
1095,08:59:04,46,C,F,57.48,2.1,57.23,7.25,5026.5,2835.2037N,07705.4025E,285.72,4,LAUNCH_WAIT,CMD_ECHO
1095,08:59:05,47,C,F,58.13,2.1,57.3,7.23,5027.5,2835.2034N,07705.4026E,287.39,4,LAUNCH_WAIT,CMD_ECHO
1095,08:59:06,48,C,F,58.27,2.1,57.35,7.24,5028.5,2835.2033N,07705.4024E,289.13,4,LAUNCH_WAIT,CMD_ECHO
1095,08:59:07,49,C,F,57.91,2.2,57.42,7.23,5029.5,2835.2037N,07705.4027E,281.78,4,LAUNCH_WAIT,CMD_ECHO
1095,08:59:08,50,C,F,57.93,2.2,57.45,7.24,5030.5,2835.2034N,07705.4027E,281.38,4,LAUNCH_WAIT,CMD_ECHO
1095,08:59:09,51,C,F,57.79,2.2,57.51,7.17,5031.5,2835.2036N,07705.4023E,281.44,4,LAUNCH_WAIT,CMD_ECHO
1095,08:59:10,52,C,F,58.5,2.2,57.58,7.17,5032.5,2835.2032N,07705.4026E,289.52,4,LAUNCH_WAIT,CMD_ECHO
1095,08:59:11,53,C,F,58.52,2.2,57.65,7.21,5033.5,2835.2034N,07705.4024E,282.61,4,LAUNCH_WAIT,CMD_ECHO
1095,08:59:12,54,C,F,58.56,2.2,57.72,7.25,5034.5,2835.2032N,07705.4027E,290.01,4,LAUNCH_WAIT,CMD_ECHO
1095,08:59:13,55,C,F,58.57,2.2,57.8,7.23,5035.5,2835.2033N,07705.4023E,282.3,4,LAUNCH_WAIT,CMD_ECHO
1095,08:59:14,56,C,F,58.16,2.2,57.84,7.24,5036.5,2835.2038N,07705.4025E,282.61,4,LAUNCH_WAIT,CMD_ECHO
1095,08:59:15,57,C,F,57.92,2.2,57.91,7.24,5037.5,2835.2034N,07705.4029E,286.33,4,LAUNCH_WAIT,CMD_ECHO
1095,08:59:16,58,C,F,58.66,2.2,57.98,7.19,5038.5,2835.2035N,07705.4022E,283.93,4,LAUNCH_WAIT,CMD_ECHO
1095,08:59:17,59,C,F,58.64,2.2,58.06,7.21,5039.5,2835.2035N,07705.4023E,287.12,4,LAUNCH_WAIT,CMD_ECHO
1095,08:59:18,60,C,F,58.91,2.2,58.12,7.23,5040.5,2835.2039N,07705.4026E,284.31,4,LAUNCH_WAIT,CMD_ECHO
1095,08:59:19,61,C,F,58.22,2.2,58.19,7.23,5041.5,2835.2036N,07705.4026E,282.41,4,LAUNCH_WAIT,CMD_ECHO
1095,08:59:20,62,C,F,58.18,2.2,58.27,7.24,5042.5,2835.2036N,07705.4029E,286.54,4,LAUNCH_WAIT,CMD_ECHO
1095,08:59:21,63,C,F,58.98,2.3,58.31,7.23,5043.5,2835.2037N,07705.4028E,284.65,4,LAUNCH_WAIT,CMD_ECHO
1095,08:59:22,64,C,F,58.87,2.3,58.38,7.21,5044.5,2835.2038N,07705.4027E,280.35,4,LAUNCH_WAIT,CMD_ECHO
1095,08:59:23,65,C,F,59.11,2.3,58.45,7.23,5045.5,2835.2032N,07705.4024E,285.36,4,LAUNCH_WAIT,CMD_ECHO
1095,08:59:24,66,C,F,58.8,2.3,58.51,7.17,5046.5,2835.2038N,07705.4026E,281.28,4,LAUNCH_WAIT,CMD_ECHO
1095,08:59:25,67,C,F,59.2,2.3,58.58,7.24,5047.5,2835.2034N,07705.4025E,288.78,4,LAUNCH_WAIT,CMD_ECHO
1095,08:59:26,68,C,F,58.28,2.3,58.64,7.24,5048.5,2835.2032N,07705.4025E,284.02,4,LAUNCH_WAIT,CMD_ECHO
1095,08:59:27,69,C,F,58.17,2.3,58.67,7.19,5049.5,2835.2038N,07705.4029E,288.99,4,LAUNCH_WAIT,CMD_ECHO
1095,08:59:28,70,C,F,58.31,2.3,58.74,7.25,5050.5,2835.2035N,07705.4024E,280.9,4,LAUNCH_WAIT,CMD_ECHO
1095,08:59:29,71,C,F,58.58,2.3,58.8,7.25,5051.5,2835.2038N,07705.4027E,288.25,4,LAUNCH_WAIT,CMD_ECHO
1095,08:59:30,72,C,F,58.36,2.2,58.87,7.21,5052.5,2835.2039N,07705.4021E,280.41,4,LAUNCH_WAIT,CMD_ECHO
1095,08:59:31,73,C,F,58.83,2.2,58.93,7.25,5053.5,2835.2035N,07705.4022E,285.7,4,LAUNCH_WAIT,CMD_ECHO
1095,08:59:32,74,C,F,58.63,2.2,59,7.24,5054.5,2835.2038N,07705.4029E,280.55,4,LAUNCH_WAIT,CMD_ECHO
1095,08:59:33,75,C,F,58.43,2.1,59.03,7.21,5055.5,2835.2032N,07705.4022E,280.34,4,LAUNCH_WAIT,CMD_ECHO
1095,08:59:34,76,C,F,58.46,2.1,59.09,7.24,5056.5,2835.2037N,07705.4028E,286.3,4,LAUNCH_WAIT,CMD_ECHO
1095,08:59:35,77,C,F,58.2,2.1,59.15,7.21,5057.5,2835.2034N,07705.4021E,280.87,4,LAUNCH_WAIT,CMD_ECHO
1095,08:59:36,78,C,F,58.95,2.1,59.2,7.19,5058.5,2835.2035N,07705.4023E,280.5,4,LAUNCH_WAIT,CMD_ECHO
1095,08:59:37,79,C,F,58.89,2.1,59.26,7.23,5059.5,2835.2039N,07705.4024E,289.6,4,LAUNCH_WAIT,CMD_ECHO
1095,08:59:38,80,C,F,58.94,2.1,59.32,7.19,5100.5,2835.2039N,07705.4026E,282.29,4,LAUNCH_WAIT,CMD_ECHO
1095,08:59:39,81,C,F,58.51,2.1,59.34,7.2,5101.5,2835.2034N,07705.4027E,281.99,4,LAUNCH_WAIT,CMD_ECHO
1095,08:59:40,82,C,F,58.55,2.1,59.4,7.2,5102.5,2835.2031N,07705.4024E,288.86,4,LAUNCH_WAIT,CMD_ECHO
1095,08:59:41,83,C,F,59.31,2,59.46,7.23,5103.5,2835.2037N,07705.4024E,287.51,4,LAUNCH_WAIT,CMD_ECHO
1095,08:59:42,84,C,F,58.85,2,59.52,7.24,5104.5,2835.2036N,07705.4027E,285.4,4,LAUNCH_WAIT,CMD_ECHO
1095,08:59:43,85,C,F,58.92,2,59.57,7.23,5105.5,2835.2032N,07705.4025E,283.96,4,LAUNCH_WAIT,CMD_ECHO
1095,08:59:44,86,C,F,58.73,2,59.61,7.25,5106.5,2835.2031N,07705.4026E,281.18,4,LAUNCH_WAIT,CMD_ECHO
1095,08:59:45,87,C,F,59.17,2,59.65,7.25,5107.5,2835.2035N,07705.4027E,279.98,4,LAUNCH_WAIT,CMD_ECHO
1095,08:59:46,88,C,F,59.6,2,59.66,7.2,5108.5,2835.2035N,07705.4029E,287.45,4,LAUNCH_WAIT,CMD_ECHO
1095,08:59:47,89,C,F,58.91,2,59.69,7.19,5109.5,2835.2033N,07705.4028E,284.86,4,LAUNCH_WAIT,CMD_ECHO
1095,08:59:48,90,C,F,59.15,1.9,59.71,7.25,5110.5,2835.2037N,07705.4023E,282.94,4,LAUNCH_WAIT,CMD_ECHO
1095,08:59:49,91,C,F,59.3,1.9,59.72,7.23,5111.5,2835.2035N,07705.4021E,281.69,4,LAUNCH_WAIT,CMD_ECHO
1095,08:59:50,92,C,F,58.85,1.9,59.72,7.23,5112.5,2835.2039N,07705.4029E,280.27,4,LAUNCH_WAIT,CMD_ECHO
1095,08:59:51,93,C,F,59.01,1.9,59.71,7.23,5113.5,2835.2038N,07705.4026E,281.47,4,LAUNCH_WAIT,CMD_ECHO
1095,08:59:52,94,C,F,59.81,1.9,59.7,7.25,5114.5,2835.2033N,07705.4021E,285.48,4,LAUNCH_WAIT,CMD_ECHO
1095,08:59:53,95,C,F,59.44,1.9,59.68,7.2,5115.5,2835.2034N,07705.4025E,283.58,4,LAUNCH_WAIT,CMD_ECHO
1095,08:59:54,96,C,F,59.48,1.9,59.66,7.25,5116.5,2835.2036N,07705.4022E,287.37,4,LAUNCH_WAIT,CMD_ECHO
1095,08:59:55,97,C,F,59.98,1.9,59.63,7.25,5117.5,2835.2035N,07705.4023E,283.79,4,LAUNCH_WAIT,CMD_ECHO
1095,08:59:56,98,C,F,59.58,1.9,59.6,7.24,5118.5,2835.2034N,07705.4024E,279.9,4,LAUNCH_WAIT,CMD_ECHO
1095,08:59:57,99,C,F,59.35,1.9,59.57,7.25,5119.5,2835.2032N,07705.4028E,283.29,4,LAUNCH_WAIT,CMD_ECHO
1095,08:59:58,100,C,F,59.41,1.9,59.55,7.25,5120.5,2835.2038N,07705.4021E,285.21,4,LAUNCH_WAIT,CMD_ECHO
1095,08:59:59,101,C,F,59.68,2,59.51,7.24,5121.5,2835.2031N,07705.4023E,287.85,4,LAUNCH_WAIT,CMD_ECHO
1095,09:00:00,102,C,F,59.39,2,59.46,7.24,5122.5,2835.2037N,07705.4026E,285.45,4,LAUNCH_WAIT,CMD_ECHO
1095,09:00:01,103,C,F,59.35,2,59.41,7.23,5123.5,2835.2034N,07705.4028E,285.79,4,LAUNCH_WAIT,CMD_ECHO
1095,09:00:02,104,C,F,59.38,2.1,59.36,7.24,5124.5,2835.2034N,07705.4027E,285.76,4,LAUNCH_WAIT,CMD_ECHO
1095,09:00:03,105,C,F,59.79,2.1,59.3,7.19,5125.5,2835.2036N,07705.4026E,286.07,4,LAUNCH_WAIT,CMD_ECHO
1095,09:00:04,106,C,F,59.9,2.1,59.27,7.24,5126.5,2835.2035N,07705.4021E,285.31,4,LAUNCH_WAIT,CMD_ECHO
1095,09:00:05,107,C,F,59.64,2.1,59.21,7.2,5127.5,2835.2038N,07705.4022E,285.52,4,LAUNCH_WAIT,CMD_ECHO
1095,09:00:06,108,C,F,59.87,2.1,59.16,7.25,5128.5,2835.2034N,07705.4029E,290.02,4,LAUNCH_WAIT,CMD_ECHO
1095,09:00:07,109,C,F,60.5,2.1,59.1,7.24,5129.5,2835.2039N,07705.4023E,284.83,4,LAUNCH_WAIT,CMD_ECHO
1095,09:00:08,110,C,F,59.77,2.1,59.04,7.2,5130.5,2835.2031N,07705.4026E,283.71,4,LAUNCH_WAIT,CMD_ECHO
1095,09:00:09,111,C,F,59.67,2.1,58.98,7.24,5131.5,2835.2036N,07705.4029E,280.89,4,LAUNCH_WAIT,CMD_ECHO
1095,09:00:10,112,C,F,59.74,2.1,58.94,7.24,5132.5,2835.2036N,07705.4025E,282.82,4,LAUNCH_WAIT,CMD_ECHO
1095,09:00:11,113,C,F,N,2.1,58.88,7.23,5133.5,2835.2039N,07705.4029E,284.11,4,LAUNCH_WAIT,CMD_ECHO
1095,09:00:12,114,C,F,58.18,2.1,58.82,7.17,5134.5,2835.2033N,07705.4027E,284.09,4,LAUNCH_WAIT,CMD_ECHO
1095,09:00:13,115,C,F,58.11,2.1,58.76,7.23,5135.5,2835.2035N,07705.4024E,283.06,4,LAUNCH_WAIT,CMD_ECHO
1095,09:00:14,116,C,F,58.13,2.1,58.69,7.2,5136.5,2835.2036N,07705.4026E,283.26,4,LAUNCH_WAIT,CMD_ECHO
1095,09:00:15,117,C,F,57.81,2.1,58.63,7.24,5137.5,2835.2038N,07705.4027E,288.97,4,LAUNCH_WAIT,CMD_ECHO
1095,09:00:16,118,C,F,58.39,2.1,58.56,7.17,5138.5,2835.2035N,07705.4027E,283.87,4,LAUNCH_WAIT,CMD_ECHO
1095,09:00:17,119,C,F,58.32,2.1,58.53,7.24,5139.5,2835.2031N,07705.4023E,281.88,4,LAUNCH_WAIT,CMD_ECHO
1095,09:00:18,120,C,F,57.87,2.1,58.46,7.24,5140.5,2835.2039N,07705.4026E,287.67,4,LAUNCH_WAIT,CMD_ECHO
1095,09:00:19,121,C,F,57.84,2.1,58.39,7.17,5141.5,2835.2036N,07705.4026E,280.07,4,LAUNCH_WAIT,CMD_ECHO
1095,09:00:20,122,C,F,58.06,2.1,58.33,7.2,5142.5,2835.2031N,07705.4029E,285.78,4,LAUNCH_WAIT,CMD_ECHO
1095,09:00:21,123,C,F,58.27,2.1,58.26,7.23,5143.5,2835.2034N,07705.4027E,288.06,4,LAUNCH_WAIT,CMD_ECHO
1095,09:00:22,124,C,F,58.74,2,58.19,7.21,5144.5,2835.2037N,07705.4023E,289.63,4,LAUNCH_WAIT,CMD_ECHO
1095,09:00:23,125,C,F,58.52,2.1,58.16,7.2,5145.5,2835.2031N,07705.4025E,283.45,4,LAUNCH_WAIT,CMD_ECHO
1095,09:00:24,126,C,F,57.97,2,58.1,7.25,5146.5,2835.2034N,07705.4026E,285.62,4,LAUNCH_WAIT,CMD_ECHO
1095,09:00:25,127,C,F,58.12,2,58.03,7.17,5147.5,2835.2034N,07705.4028E,280.83,4,LAUNCH_WAIT,CMD_ECHO
1095,09:00:26,128,C,F,58.1,2,57.98,7.23,5148.5,2835.2039N,07705.4025E,289.6,4,LAUNCH_WAIT,CMD_ECHO
1095,09:00:27,129,C,F,58.71,2,57.92,7.21,5149.5,2835.2036N,07705.4026E,283.88,4,LAUNCH_WAIT,CMD_ECHO
1095,09:00:28,130,C,F,58.9,2,57.86,7.17,5150.5,2835.2035N,07705.4026E,282.49,4,LAUNCH_WAIT,CMD_ECHO
1095,09:00:29,131,C,F,58.99,2,57.83,7.24,5151.5,2835.2037N,07705.4026E,280.61,4,LAUNCH_WAIT,CMD_ECHO
1095,09:00:30,132,C,F,58.28,2,57.77,7.23,5152.5,2835.2034N,07705.4028E,285.51,4,LAUNCH_WAIT,CMD_ECHO
1095,09:00:31,133,C,F,58.96,2,57.72,7.25,5153.5,2835.2037N,07705.4028E,288.32,4,LAUNCH_WAIT,CMD_ECHO
1095,09:00:32,134,C,F,58.71,2,57.66,7.25,5154.5,2835.2031N,07705.4025E,289.7,4,LAUNCH_WAIT,CMD_ECHO
1095,09:00:33,135,C,F,58.83,2,57.61,7.24,5155.5,2835.2035N,07705.4024E,286.18,4,LAUNCH_WAIT,CMD_ECHO
1095,09:00:34,136,C,F,58.87,2,57.55,7.24,5156.5,2835.2038N,07705.4021E,282.57,4,LAUNCH_WAIT,CMD_ECHO
1095,09:00:35,137,C,F,58.97,2,57.53,7.2,5157.5,2835.2037N,07705.4026E,287.45,4,LAUNCH_WAIT,CMD_ECHO
1095,09:00:36,138,C,F,58.81,1.9,57.47,7.23,5158.5,2835.2034N,07705.4022E,284.84,4,LAUNCH_WAIT,CMD_ECHO
1095,09:00:37,139,C,F,59.26,1.9,57.42,7.23,5159.5,2835.2032N,07705.4024E,288.51,4,LAUNCH_WAIT,CMD_ECHO
1095,09:00:38,140,C,F,58.69,1.9,57.36,7.24,5200.5,2835.2034N,07705.4023E,285.03,4,LAUNCH_WAIT,CMD_ECHO
1095,09:00:39,141,C,F,59.55,1.9,57.31,7.2,5201.5,2835.2033N,07705.4024E,282.73,4,LAUNCH_WAIT,CMD_ECHO
1095,09:00:40,142,C,F,59.47,1.9,57.25,7.24,5202.5,2835.2038N,07705.4026E,282.23,4,LAUNCH_WAIT,CMD_ECHO
1095,09:00:41,143,C,F,58.7,1.9,57.23,7.19,5203.5,2835.2031N,07705.4027E,289.92,4,LAUNCH_WAIT,CMD_ECHO
1095,09:00:42,144,C,F,58.84,1.9,57.17,7.23,5204.5,2835.2037N,07705.4029E,280.3,4,LAUNCH_WAIT,CMD_ECHO
1095,09:00:43,145,C,F,58.98,1.9,57.11,7.23,5205.5,2835.2031N,07705.4025E,287.19,4,LAUNCH_WAIT,CMD_ECHO
1095,09:00:44,146,C,F,59.13,1.9,57.05,7.24,5206.5,2835.2039N,07705.4028E,289.33,4,LAUNCH_WAIT,CMD_ECHO
1095,09:00:45,147,C,F,59.77,2,56.99,7.24,5207.5,2835.2038N,07705.4025E,289.27,4,LAUNCH_WAIT,CMD_ECHO
1095,09:00:46,148,C,F,59.49,2,56.94,7.2,5208.5,2835.2038N,07705.4029E,285.9,4,LAUNCH_WAIT,CMD_ECHO
1095,09:00:47,149,C,F,59.89,2,56.92,7.21,5209.5,2835.2034N,07705.4028E,284.6,4,LAUNCH_WAIT,CMD_ECHO
1095,09:00:48,150,C,F,59.8,2,56.88,7.24,5210.5,2835.2039N,07705.4023E,285.83,4,LAUNCH_WAIT,CMD_ECHO
1095,09:00:49,151,C,F,59.27,2.1,56.85,7.24,5211.5,2835.2031N,07705.4027E,282.96,4,LAUNCH_WAIT,CMD_ECHO
1095,09:00:50,152,C,F,59.32,2.1,56.82,7.23,5212.5,2835.2039N,07705.4026E,283.71,4,LAUNCH_WAIT,CMD_ECHO
1095,09:00:51,153,C,F,60.12,2.1,56.81,7.24,5213.5,2835.2034N,07705.4024E,282.82,4,LAUNCH_WAIT,CMD_ECHO
1095,09:00:52,154,C,F,60.27,2.2,56.81,7.24,5214.5,2835.2033N,07705.4027E,285.55,4,LAUNCH_WAIT,CMD_ECHO
1095,09:00:53,155,C,F,59.6,2.2,56.81,7.2,5215.5,2835.2035N,07705.4024E,289.46,4,LAUNCH_WAIT,CMD_ECHO
1095,09:00:54,156,C,F,60.42,2.2,56.82,7.23,5216.5,2835.2035N,07705.4021E,285.18,4,LAUNCH_WAIT,CMD_ECHO
1095,09:00:55,157,C,F,59.74,2.2,56.84,7.2,5217.5,2835.2035N,07705.4025E,282.72,4,LAUNCH_WAIT,CMD_ECHO
1095,09:00:56,158,C,F,59.74,2.2,56.87,7.25,5218.5,2835.2031N,07705.4022E,284.02,4,LAUNCH_WAIT,CMD_ECHO
1095,09:00:57,159,C,F,60.4,2.3,56.9,7.15,5219.5,2835.2038N,07705.4028E,283.25,4,LAUNCH_WAIT,CMD_ECHO
1095,09:00:58,160,C,F,59.79,2.2,56.94,7.23,5220.5,2835.2034N,07705.4021E,282.92,4,LAUNCH_WAIT,CMD_ECHO
1095,09:00:59,161,C,F,60.28,2.2,56.96,7.24,5221.5,2835.2037N,07705.4027E,284.33,4,LAUNCH_WAIT,CMD_ECHO
1095,09:01:00,162,C,F,60.51,2.3,57.01,7.23,5222.5,2835.2037N,07705.4027E,285.55,4,LAUNCH_WAIT,CMD_ECHO
1095,09:01:01,163,C,F,59.94,2.2,57.07,7.19,5223.5,2835.2038N,07705.4028E,283.3,4,LAUNCH_WAIT,CMD_ECHO
1095,09:01:02,164,C,F,59.91,2.2,57.12,7.24,5224.5,2835.2037N,07705.4026E,285.09,4,LAUNCH_WAIT,CMD_ECHO
1095,09:01:03,165,C,F,60.66,2.2,57.18,7.2,5225.5,2835.2039N,07705.4023E,286.31,4,LAUNCH_WAIT,CMD_ECHO
1095,09:01:04,166,C,F,60.48,2.2,57.25,7.19,5226.5,2835.2034N,07705.4026E,282.21,4,LAUNCH_WAIT,CMD_ECHO
1095,09:01:05,167,C,F,60.87,2.2,57.28,7.2,5227.5,2835.2033N,07705.4023E,283.72,4,LAUNCH_WAIT,CMD_ECHO
1095,09:01:06,168,C,F,60.84,2.2,57.35,7.24,5228.5,2835.2037N,07705.4028E,280.82,4,LAUNCH_WAIT,CMD_ECHO
1095,09:01:07,169,C,F,60.03,2.2,57.42,7.23,5229.5,2835.2032N,07705.4027E,284.23,4,LAUNCH_WAIT,CMD_ECHO
1095,09:01:08,170,C,F,60.69,2.2,57.49,7.24,5230.5,2835.2032N,07705.4027E,287.24,4,LAUNCH_WAIT,CMD_ECHO
1095,09:01:09,171,C,F,60,2.3,57.57,7.24,5231.5,2835.2037N,07705.4024E,280.87,4,LAUNCH_WAIT,CMD_ECHO
1095,09:01:10,172,C,F,60.73,2.2,57.64,7.23,5232.5,2835.2032N,07705.4025E,284.64,4,LAUNCH_WAIT,CMD_ECHO
1095,09:01:11,173,C,F,60.57,2.3,57.68,7.21,5233.5,2835.2031N,07705.4025E,289.25,4,LAUNCH_WAIT,CMD_ECHO
1095,09:01:12,174,C,F,60.66,2.3,57.75,7.25,5234.5,2835.2038N,07705.4021E,281.56,4,LAUNCH_WAIT,CMD_ECHO
1095,09:01:13,175,C,F,60.55,2.2,57.84,7.23,5235.5,2835.2034N,07705.4023E,285.44,4,LAUNCH_WAIT,CMD_ECHO
1095,09:01:14,176,C,F,60.08,2.2,57.91,7.19,5236.5,2835.2031N,07705.4028E,283.74,4,LAUNCH_WAIT,CMD_ECHO
1095,09:01:15,177,C,F,60.28,2.2,57.99,7.21,5237.5,2835.2034N,07705.4022E,284.62,4,LAUNCH_WAIT,CMD_ECHO
1095,09:01:16,178,C,F,60.9,2.2,58.07,7.21,5238.5,2835.2038N,07705.4023E,283.44,4,LAUNCH_WAIT,CMD_ECHO
1095,09:01:17,179,C,F,60.82,2.2,58.14,7.24,5239.5,2835.2035N,07705.4029E,282.24,4,LAUNCH_WAIT,CMD_ECHO
1095,09:01:18,180,C,F,60.19,2.3,58.18,7.17,5240.5,2835.2034N,07705.4026E,288.85,4,LAUNCH_WAIT,CMD_ECHO
1095,09:01:19,181,C,F,60.44,2.2,58.27,7.2,5241.5,2835.2038N,07705.4026E,288.54,4,LAUNCH_WAIT,CMD_ECHO
1095,09:01:20,182,C,F,60.82,2.3,58.34,7.24,5242.5,2835.2038N,07705.4027E,285.99,4,LAUNCH_WAIT,CMD_ECHO
1095,09:01:21,183,C,F,60.07,2.3,58.41,7.21,5243.5,2835.2034N,07705.4021E,280.56,4,LAUNCH_WAIT,CMD_ECHO
1095,09:01:22,184,C,F,60.92,2.3,58.49,7.25,5244.5,2835.2037N,07705.4029E,283.48,4,LAUNCH_WAIT,CMD_ECHO
1095,09:01:23,185,C,F,60.12,2.3,58.56,7.21,5245.5,2835.2034N,07705.4026E,286.61,4,LAUNCH_WAIT,CMD_ECHO
1095,09:01:24,186,C,F,60.07,2.3,58.6,7.17,5246.5,2835.2039N,07705.4022E,288.22,4,LAUNCH_WAIT,CMD_ECHO
1095,09:01:25,187,C,F,60.82,2.3,58.67,7.24,5247.5,2835.2033N,07705.4022E,289.82,4,LAUNCH_WAIT,CMD_ECHO
1095,09:01:26,188,C,F,60.73,2.3,58.74,7.17,5248.5,2835.2031N,07705.4027E,289.31,4,LAUNCH_WAIT,CMD_ECHO
1095,09:01:27,189,C,F,60.25,2.3,58.81,7.19,5249.5,2835.2037N,07705.4021E,285.51,4,LAUNCH_WAIT,CMD_ECHO
1095,09:01:28,190,C,F,60.81,2.3,58.88,7.21,5250.5,2835.2039N,07705.4027E,287.73,4,LAUNCH_WAIT,CMD_ECHO
1095,09:01:29,191,C,F,60.09,2.3,58.94,7.21,5251.5,2835.2031N,07705.4022E,280.42,4,LAUNCH_WAIT,CMD_ECHO
1095,09:01:30,192,C,F,60.54,2.3,58.98,7.24,5252.5,2835.2039N,07705.4029E,290.31,4,LAUNCH_WAIT,CMD_ECHO
1095,09:01:31,193,C,F,60.9,2.3,59.05,7.24,5253.5,2835.2031N,07705.4022E,290.27,4,LAUNCH_WAIT,CMD_ECHO
1095,09:01:32,194,C,F,60.46,2.3,59.11,7.2,5254.5,2835.2034N,07705.4026E,288.37,4,LAUNCH_WAIT,CMD_ECHO
1095,09:01:33,195,C,F,60.13,2.3,59.17,7.23,5255.5,2835.2034N,07705.4023E,281.79,4,LAUNCH_WAIT,CMD_ECHO
1095,09:01:34,196,C,F,60.16,2.3,59.23,7.25,5256.5,2835.2033N,07705.4027E,283.23,4,LAUNCH_WAIT,CMD_ECHO
1095,09:01:35,197,C,F,60.83,2.3,59.29,7.24,5257.5,2835.2037N,07705.4022E,289.22,4,LAUNCH_WAIT,CMD_ECHO
1095,09:01:36,198,C,F,60.52,2.3,59.33,7.2,5258.5,2835.2033N,07705.4029E,284.72,4,LAUNCH_WAIT,CMD_ECHO
1095,09:01:37,199,C,F,60.85,2.3,59.39,7.19,5259.5,2835.2033N,07705.4024E,282.87,4,LAUNCH_WAIT,CMD_ECHO
1095,09:01:38,200,C,F,60.67,2.2,59.45,7.23,5300.5,2835.2032N,07705.4021E,288.33,4,LAUNCH_WAIT,CMD_ECHO
1095,09:01:39,201,C,F,60.93,2.2,59.51,7.24,5301.5,2835.2034N,07705.4023E,281.9,4,LAUNCH_WAIT,CMD_ECHO
1095,09:01:40,202,C,F,60.44,2.1,59.56,7.24,5302.5,2835.2038N,07705.4023E,283.03,4,LAUNCH_WAIT,CMD_ECHO
1095,09:01:41,203,C,F,60.5,2.1,59.59,7.24,5303.5,2835.2035N,07705.4025E,288.84,4,LAUNCH_WAIT,CMD_ECHO
1095,09:01:42,204,C,F,60.83,2.1,59.63,7.21,5304.5,2835.2039N,07705.4029E,283.4,4,LAUNCH_WAIT,CMD_ECHO
1095,09:01:43,205,C,F,60.38,2.1,59.64,7.24,5305.5,2835.2039N,07705.4024E,288.3,4,LAUNCH_WAIT,CMD_ECHO
1095,09:01:44,206,C,F,60.72,2.1,59.66,7.2,5306.5,2835.2039N,07705.4022E,282.86,4,LAUNCH_WAIT,CMD_ECHO
1095,09:01:45,207,C,F,60.44,2.1,59.67,7.19,5307.5,2835.2034N,07705.4025E,287.96,4,LAUNCH_WAIT,CMD_ECHO
1095,09:01:46,208,C,F,60.91,2,59.67,7.23,5308.5,2835.2034N,07705.4025E,289.84,4,LAUNCH_WAIT,CMD_ECHO
1095,09:01:47,209,C,F,60.3,2,59.67,7.19,5309.5,2835.2034N,07705.4028E,288.22,4,LAUNCH_WAIT,CMD_ECHO
1095,09:01:48,210,C,F,60.81,2,59.66,7.23,5310.5,2835.2038N,07705.4029E,288.11,4,LAUNCH_WAIT,CMD_ECHO
1095,09:01:49,211,C,F,60.59,2,59.65,7.23,5311.5,2835.2031N,07705.4025E,289.81,4,LAUNCH_WAIT,CMD_ECHO
1095,09:01:50,212,C,F,60.31,2,59.63,7.2,5312.5,2835.2033N,07705.4026E,284.1,4,LAUNCH_WAIT,CMD_ECHO
1095,09:01:51,213,C,F,60.53,2,59.6,7.24,5313.5,2835.2038N,07705.4021E,280.11,4,LAUNCH_WAIT,CMD_ECHO
1095,09:01:52,214,C,F,61.17,2,59.56,7.21,5314.5,2835.2031N,07705.4022E,283.17,4,LAUNCH_WAIT,CMD_ECHO
1095,09:01:53,215,C,F,61.39,2,59.52,7.24,5315.5,2835.2039N,07705.4024E,289.29,4,LAUNCH_WAIT,CMD_ECHO
1095,09:01:54,216,C,F,60.96,2,59.47,7.23,5316.5,2835.2036N,07705.4024E,283.81,4,LAUNCH_WAIT,CMD_ECHO
1095,09:01:55,217,C,F,60.7,2,59.44,7.25,5317.5,2835.2036N,07705.4022E,285.52,4,LAUNCH_WAIT,CMD_ECHO
1095,09:01:56,218,C,F,61.1,2,59.39,7.24,5318.5,2835.2032N,07705.4025E,280.53,4,LAUNCH_WAIT,CMD_ECHO
1095,09:01:57,219,C,F,60.73,2,59.33,7.19,5319.5,2835.2037N,07705.4024E,285.33,4,LAUNCH_WAIT,CMD_ECHO
1095,09:01:58,220,C,F,61.17,2,59.28,7.17,5320.5,2835.2038N,07705.4026E,280.73,4,LAUNCH_WAIT,CMD_ECHO
1095,09:01:59,221,C,F,61.23,2.1,59.22,7.24,5321.5,2835.2037N,07705.4023E,282.98,4,LAUNCH_WAIT,CMD_ECHO
1095,09:02:00,222,C,F,60.82,2.1,59.16,7.23,5322.5,2835.2031N,07705.4026E,282.27,4,LAUNCH_WAIT,CMD_ECHO
1095,09:02:01,223,C,F,N,2.1,59.13,7.23,5323.5,2835.2032N,07705.4024E,284.6,4,LAUNCH_WAIT,CMD_ECHO
1095,09:02:02,224,C,F,N,2.1,59.07,7.24,5324.5,2835.2031N,07705.4023E,284.68,4,LAUNCH_WAIT,CMD_ECHO
1095,09:02:03,225,C,F,N,2.1,59.01,7.25,5325.5,2835.2038N,07705.4028E,288.35,4,LAUNCH_WAIT,CMD_ECHO
1095,09:02:04,226,C,F,N,2,58.94,7.24,5326.5,2835.2032N,07705.4027E,283.44,4,LAUNCH_WAIT,CMD_ECHO
1095,09:02:05,227,C,F,N,2.1,58.87,7.19,5327.5,2835.2032N,07705.4023E,288.56,4,LAUNCH_WAIT,CMD_ECHO
1095,09:02:06,228,C,F,N,2,58.81,7.21,5328.5,2835.2032N,07705.4022E,285.63,4,LAUNCH_WAIT,CMD_ECHO
1095,09:02:07,229,C,F,N,2.1,58.77,7.21,5329.5,2835.2033N,07705.4021E,285.15,4,LAUNCH_WAIT,CMD_ECHO
1095,09:02:08,230,C,F,N,2,58.7,7.24,5330.5,2835.2032N,07705.4023E,287.33,4,LAUNCH_WAIT,CMD_ECHO
1095,09:02:09,231,C,F,N,2,58.63,7.2,5331.5,2835.2039N,07705.4028E,284.91,4,LAUNCH_WAIT,CMD_ECHO
1095,09:02:10,232,C,F,N,2,58.57,7.21,5332.5,2835.2036N,07705.4026E,287.68,4,LAUNCH_WAIT,CMD_ECHO
1095,09:02:11,233,C,F,N,2,58.51,7.23,5333.5,2835.2038N,07705.4022E,281,4,LAUNCH_WAIT,CMD_ECHO
1095,09:02:12,234,C,F,N,2,58.44,7.23,5334.5,2835.2036N,07705.4022E,288.39,4,LAUNCH_WAIT,CMD_ECHO
1095,09:02:13,235,C,F,N,2,58.37,7.19,5335.5,2835.2031N,07705.4025E,288.3,4,LAUNCH_WAIT,CMD_ECHO
1095,09:02:14,236,C,F,N,2,58.34,7.24,5336.5,2835.2039N,07705.4022E,286.5,4,LAUNCH_WAIT,CMD_ECHO
1095,09:02:15,237,C,F,N,2,58.28,7.2,5337.5,2835.2031N,07705.4024E,286.04,4,LAUNCH_WAIT,CMD_ECHO
1095,09:02:16,238,C,F,N,2,58.21,7.24,5338.5,2835.2036N,07705.4029E,284.09,4,LAUNCH_WAIT,CMD_ECHO
1095,09:02:17,239,C,F,N,2,58.14,7.21,5339.5,2835.2037N,07705.4021E,283.87,4,LAUNCH_WAIT,CMD_ECHO
1095,09:02:18,240,C,F,N,1.9,58.08,7.24,5340.5,2835.2037N,07705.4027E,289.64,4,LAUNCH_WAIT,CMD_ECHO
1095,09:02:19,241,C,F,N,2,58.01,7.2,5341.5,2835.2039N,07705.4027E,284.77,4,LAUNCH_WAIT,CMD_ECHO
1095,09:02:20,242,C,F,N,1.9,57.98,7.19,5342.5,2835.2039N,07705.4025E,281.24,4,LAUNCH_WAIT,CMD_ECHO
1095,09:02:21,243,C,F,N,1.9,57.92,7.2,5343.5,2835.2037N,07705.4026E,285.41,4,LAUNCH_WAIT,CMD_ECHO
1095,09:02:22,244,C,F,N,1.9,57.86,7.24,5344.5,2835.2039N,07705.4029E,281.72,4,LAUNCH_WAIT,CMD_ECHO
1095,09:02:23,245,C,F,N,1.9,57.8,7.24,5345.5,2835.2031N,07705.4025E,280.32,4,LAUNCH_WAIT,CMD_ECHO
1095,09:02:24,246,C,F,N,1.9,57.74,7.2,5346.5,2835.2034N,07705.4023E,286.12,4,LAUNCH_WAIT,CMD_ECHO
1095,09:02:25,247,C,F,N,2,57.69,7.21,5347.5,2835.2034N,07705.4025E,282.15,4,LAUNCH_WAIT,CMD_ECHO
1095,09:02:26,248,C,F,N,1.9,57.66,7.23,5348.5,2835.2033N,07705.4028E,287.63,4,LAUNCH_WAIT,CMD_ECHO
1095,09:02:27,249,C,F,N,1.9,57.61,7.24,5349.5,2835.2036N,07705.4022E,285.83,4,LAUNCH_WAIT,CMD_ECHO
1095,09:02:28,250,C,F,N,1.9,57.56,7.24,5350.5,2835.2036N,07705.4024E,280.13,4,LAUNCH_WAIT,CMD_ECHO
1095,09:02:29,251,C,F,N,1.9,57.5,7.24,5351.5,2835.2034N,07705.4025E,287.34,4,LAUNCH_WAIT,CMD_ECHO
1095,09:02:30,252,C,F,N,2,57.45,7.21,5352.5,2835.2036N,07705.4024E,289.06,4,LAUNCH_WAIT,CMD_ECHO
1095,09:02:31,253,C,F,N,2,57.4,7.24,5353.5,2835.2032N,07705.4026E,281.76,4,LAUNCH_WAIT,CMD_ECHO
1095,09:02:32,254,C,F,N,1.9,57.38,7.19,5354.5,2835.2033N,07705.4027E,285.14,4,LAUNCH_WAIT,CMD_ECHO
1095,09:02:33,255,C,F,N,1.9,57.33,7.23,5355.5,2835.2038N,07705.4026E,288.54,4,LAUNCH_WAIT,CMD_ECHO
1095,09:02:34,256,C,F,N,2,57.28,7.23,5356.5,2835.2039N,07705.4023E,280.46,4,LAUNCH_WAIT,CMD_ECHO
1095,09:02:35,257,C,F,N,2,57.22,7.23,5357.5,2835.2037N,07705.4029E,289.06,4,LAUNCH_WAIT,CMD_ECHO
1095,09:02:36,258,C,F,N,1.9,57.17,7.23,5358.5,2835.2037N,07705.4024E,289.14,4,LAUNCH_WAIT,CMD_ECHO
1095,09:02:37,259,C,F,N,2,57.12,7.23,5359.5,2835.2032N,07705.4024E,287.67,4,LAUNCH_WAIT,CMD_ECHO
1095,09:02:38,260,C,F,N,2,57.09,7.16,5400.5,2835.2039N,07705.4021E,280.09,4,LAUNCH_WAIT,CMD_ECHO
1095,09:02:39,261,C,F,N,2,57.03,7.2,5401.5,2835.2034N,07705.4024E,288.67,4,LAUNCH_WAIT,CMD_ECHO
1095,09:02:40,262,C,F,N,2,56.98,7.24,5402.5,2835.2035N,07705.4022E,282.72,4,LAUNCH_WAIT,CMD_ECHO
1095,09:02:41,263,C,F,N,2.1,56.94,7.2,5403.5,2835.2036N,07705.4021E,280.95,4,LAUNCH_WAIT,CMD_ECHO
1095,09:02:42,264,C,F,N,2.1,56.9,7.21,5404.5,2835.2038N,07705.4021E,289.71,4,LAUNCH_WAIT,CMD_ECHO
1095,09:02:43,265,C,F,N,2.1,56.87,7.21,5405.5,2835.2035N,07705.4024E,281.82,4,LAUNCH_WAIT,CMD_ECHO
1095,09:02:44,266,C,F,N,2.2,56.85,7.17,5406.5,2835.2032N,07705.4021E,284.85,4,LAUNCH_WAIT,CMD_ECHO
1095,09:02:45,267,C,F,N,2.2,56.83,7.17,5407.5,2835.2038N,07705.4025E,282.89,4,LAUNCH_WAIT,CMD_ECHO
1095,09:02:46,268,C,F,N,2.2,56.83,7.21,5408.5,2835.2031N,07705.4027E,287.39,4,LAUNCH_WAIT,CMD_ECHO
1095,09:02:47,269,C,F,N,2.2,56.82,7.21,5409.5,2835.2038N,07705.4028E,287.02,4,LAUNCH_WAIT,CMD_ECHO
1095,09:02:48,270,C,F,N,2.2,56.83,7.19,5410.5,2835.2032N,07705.4027E,283.32,4,LAUNCH_WAIT,CMD_ECHO
1095,09:02:49,271,C,F,N,2.2,56.85,7.23,5411.5,2835.2039N,07705.4023E,282.42,4,LAUNCH_WAIT,CMD_ECHO
1095,09:02:50,272,C,F,N,2.2,56.86,7.2,5412.5,2835.2032N,07705.4026E,289.14,4,LAUNCH_WAIT,CMD_ECHO
1095,09:02:51,273,C,F,N,2.2,56.89,7.23,5413.5,2835.2031N,07705.4025E,288.22,4,LAUNCH_WAIT,CMD_ECHO
1095,09:02:52,274,C,F,N,2.2,56.93,7.23,5414.5,2835.2035N,07705.4026E,283.44,4,LAUNCH_WAIT,CMD_ECHO
1095,09:02:53,275,C,F,N,2.2,56.97,7.24,5415.5,2835.2035N,07705.4026E,286.94,4,LAUNCH_WAIT,CMD_ECHO
1095,09:02:54,276,C,F,N,2.3,57.01,7.24,5416.5,2835.2031N,07705.4022E,285.55,4,LAUNCH_WAIT,CMD_ECHO
1095,09:02:55,277,C,F,N,2.3,57.06,7.2,5417.5,2835.2035N,07705.4023E,283.16,4,LAUNCH_WAIT,CMD_ECHO
1095,09:02:56,278,C,F,N,2.3,57.08,7.2,5418.5,2835.2039N,07705.4021E,286.95,4,LAUNCH_WAIT,CMD_ECHO
1095,09:02:57,279,C,F,N,2.3,57.13,7.23,5419.5,2835.2033N,07705.4023E,287.88,4,LAUNCH_WAIT,CMD_ECHO
1095,09:02:58,280,C,F,N,2.3,57.19,7.21,5420.5,2835.2033N,07705.4021E,285.75,4,LAUNCH_WAIT,CMD_ECHO
1095,09:02:59,281,C,F,N,2.2,57.24,7.23,5421.5,2835.2039N,07705.4029E,285.93,4,LAUNCH_WAIT,CMD_ECHO
1095,09:03:00,282,C,F,N,2.3,57.3,7.23,5422.5,2835.2034N,07705.4028E,280.66,4,LAUNCH_WAIT,CMD_ECHO
1095,09:03:01,283,C,F,N,2.3,57.36,7.19,5423.5,2835.2038N,07705.4025E,285.2,4,LAUNCH_WAIT,CMD_ECHO
1095,09:03:02,284,C,F,N,2.3,57.39,7.24,5424.5,2835.2037N,07705.4021E,285.19,4,LAUNCH_WAIT,CMD_ECHO
1095,09:03:03,285,C,F,N,2.3,57.45,7.23,5425.5,2835.2033N,07705.4029E,287.21,4,LAUNCH_WAIT,CMD_ECHO
1095,09:03:04,286,C,F,N,2.3,57.52,7.2,5426.5,2835.2038N,07705.4024E,283.59,4,LAUNCH_WAIT,CMD_ECHO
1095,09:03:05,287,C,F,N,2.3,57.59,7.21,5427.5,2835.2036N,07705.4023E,287.76,4,LAUNCH_WAIT,CMD_ECHO
1095,09:03:06,288,C,F,N,2.3,57.66,7.23,5428.5,2835.2032N,07705.4026E,285.81,4,LAUNCH_WAIT,CMD_ECHO
1095,09:03:07,289,C,F,N,2.3,57.73,7.24,5429.5,2835.2039N,07705.4029E,281.61,4,LAUNCH_WAIT,CMD_ECHO
1095,09:03:08,290,C,F,N,2.3,57.77,7.24,5430.5,2835.2037N,07705.4026E,288.41,4,LAUNCH_WAIT,CMD_ECHO
1095,09:03:09,291,C,F,N,2.3,57.83,7.21,5431.5,2835.2031N,07705.4029E,281.8,4,LAUNCH_WAIT,CMD_ECHO
1095,09:03:10,292,C,F,N,2.3,57.9,7.24,5432.5,2835.2034N,07705.4027E,289.59,4,LAUNCH_WAIT,CMD_ECHO
1095,09:03:11,293,C,F,N,2.3,57.97,7.24,5433.5,2835.2031N,07705.4027E,282.66,4,LAUNCH_WAIT,CMD_ECHO
1095,09:03:12,294,C,F,N,2.3,58.05,7.24,5434.5,2835.2038N,07705.4023E,287.46,4,LAUNCH_WAIT,CMD_ECHO
1095,09:03:13,295,C,F,N,2.3,58.13,7.24,5435.5,2835.2032N,07705.4028E,287.96,4,LAUNCH_WAIT,CMD_ECHO
1095,09:03:14,296,C,F,N,2.3,58.19,7.24,5436.5,2835.2034N,07705.4027E,280.98,4,LAUNCH_WAIT,CMD_ECHO
1095,09:03:15,297,C,F,N,2.3,58.23,7.24,5437.5,2835.2038N,07705.4023E,286.68,4,LAUNCH_WAIT,CMD_ECHO
1095,09:03:16,298,C,F,N,2.3,58.3,7.21,5438.5,2835.2036N,07705.4021E,284.53,4,LAUNCH_WAIT,CMD_ECHO
1095,09:03:17,299,C,F,N,2.3,58.37,7.24,5439.5,2835.2037N,07705.4024E,283.93,4,LAUNCH_WAIT,CMD_ECHO
1095,09:03:18,300,C,F,N,2.4,58.45,7.23,5440.5,2835.2036N,07705.4024E,287.45,4,LAUNCH_WAIT,CMD_ECHO
1095,09:03:19,301,C,F,N,2.4,58.52,7.24,5441.5,2835.2037N,07705.4028E,281.37,4,LAUNCH_WAIT,CMD_ECHO
1095,09:03:20,302,C,F,N,2.4,58.58,7.17,5442.5,2835.2032N,07705.4029E,287,4,LAUNCH_WAIT,CMD_ECHO
1095,09:03:21,303,C,F,N,2.4,58.62,7.17,5443.5,2835.2034N,07705.4028E,282.99,4,LAUNCH_WAIT,CMD_ECHO
1095,09:03:22,304,C,F,N,2.4,58.69,7.24,5444.5,2835.2038N,07705.4023E,288.41,4,LAUNCH_WAIT,CMD_ECHO
1095,09:03:23,305,C,F,N,2.4,58.76,7.17,5445.5,2835.2037N,07705.4027E,289.21,4,LAUNCH_WAIT,CMD_ECHO
1095,09:03:24,306,C,F,N,2.4,58.83,7.24,5446.5,2835.2038N,07705.4021E,283.46,4,LAUNCH_WAIT,CMD_ECHO
1095,09:03:25,307,C,F,N,2.4,58.89,7.23,5447.5,2835.2037N,07705.4023E,285.86,4,LAUNCH_WAIT,CMD_ECHO
1095,09:03:26,308,C,F,N,2.3,58.96,7.2,5448.5,2835.2034N,07705.4027E,289.34,4,LAUNCH_WAIT,CMD_ECHO
1095,09:03:27,309,C,F,N,2.4,59,7.23,5449.5,2835.2034N,07705.4026E,287.75,4,LAUNCH_WAIT,CMD_ECHO
1095,09:03:28,310,C,F,N,2.4,59.06,7.2,5450.5,2835.2038N,07705.4024E,283.86,4,LAUNCH_WAIT,CMD_ECHO
1095,09:03:29,311,C,F,N,2.4,59.13,7.24,5451.5,2835.2036N,07705.4026E,285.25,4,LAUNCH_WAIT,CMD_ECHO
1095,09:03:30,312,C,F,N,2.3,59.19,7.17,5452.5,2835.2036N,07705.4022E,283.84,4,LAUNCH_WAIT,CMD_ECHO
1095,09:03:31,313,C,F,N,2.4,59.25,7.24,5453.5,2835.2035N,07705.4029E,285.67,4,LAUNCH_WAIT,CMD_ECHO
1095,09:03:32,314,C,F,N,2.4,59.31,7.24,5454.5,2835.2036N,07705.4026E,284.76,4,LAUNCH_WAIT,CMD_ECHO
1095,09:03:33,315,C,F,N,2.4,59.34,7.23,5455.5,2835.2035N,07705.4021E,289.56,4,LAUNCH_WAIT,CMD_ECHO
1095,09:03:34,316,C,F,N,2.3,59.4,7.19,5456.5,2835.2033N,07705.4021E,280.53,4,LAUNCH_WAIT,CMD_ECHO
1095,09:03:35,317,C,F,N,2.3,59.46,7.23,5457.5,2835.2038N,07705.4026E,284.69,4,LAUNCH_WAIT,CMD_ECHO
1095,09:03:36,318,C,F,N,2.3,59.51,7.24,5458.5,2835.2037N,07705.4024E,290.17,4,LAUNCH_WAIT,CMD_ECHO
1095,09:03:37,319,C,F,N,2.2,59.55,7.24,5459.5,2835.2034N,07705.4025E,282.91,4,LAUNCH_WAIT,CMD_ECHO
1095,09:03:38,320,C,F,N,2.2,59.59,7.17,5500.5,2835.2037N,07705.4027E,282.28,4,LAUNCH_WAIT,CMD_ECHO
1095,09:03:39,321,C,F,N,2.2,59.62,7.24,5501.5,2835.2032N,07705.4021E,285.37,4,LAUNCH_WAIT,CMD_ECHO
1095,09:03:40,322,C,F,N,2.1,59.63,7.17,5502.5,2835.2031N,07705.4021E,289.63,4,LAUNCH_WAIT,CMD_ECHO
1095,09:03:41,323,C,F,N,2.1,59.64,7.24,5503.5,2835.2035N,07705.4025E,289.61,4,LAUNCH_WAIT,CMD_ECHO
1095,09:03:42,324,C,F,N,2.1,59.65,7.19,5504.5,2835.2036N,07705.4024E,289.11,4,LAUNCH_WAIT,CMD_ECHO
1095,09:03:43,325,C,F,N,2.1,59.65,7.23,5505.5,2835.2037N,07705.4022E,284.7,4,LAUNCH_WAIT,CMD_ECHO
1095,09:03:44,326,C,F,N,2.1,59.64,7.2,5506.5,2835.2037N,07705.4023E,288.29,4,LAUNCH_WAIT,CMD_ECHO
NipunNipunNipunNipunNipunNipun1095,06:56:06.29,1,C,F,N,0.6,25.8,4.30,314,3*36,,,,,
,,,,LAUNCH_WAIT,CMD_ECHO,,,,,,,,,,
1095,06:56:07.38,2,C,F,N,0.5,25.9,4.31,235945.100,,,,00,LAUNCH_WAIT,CMD_ECHO
1095,06:56:08.48,3,C,F,N,0.5,25.9,4.31,235946.099,,,,00,LAUNCH_WAIT,CMD_ECHO
1095,06:56:09.58,4,C,F,N,0.4,25.9,4.31,235947.099,,,,00,LAUNCH_WAIT,CMD_ECHO
1095,06:56:10.68,5,C,F,N,0.4,25.9,4.31,235948.099,,,,00,LAUNCH_WAIT,CMD_ECHO
1095,06:56:11.78,6,C,F,N,0.4,25.9,4.32,235949.099,,,,00,LAUNCH_WAIT,CMD_ECHO
1095,06:56:12.88,7,C,F,N,0.4,25.9,4.32,235950.099,,,,00,LAUNCH_WAIT,CMD_ECHO
1095,06:56:13.98,8,C,F,N,0.4,25.9,4.31,235951.099,,,,00,LAUNCH_WAIT,CMD_ECHO
1095,06:56:14.10,9,C,F,N,0.4,25.9,4.32,235952.099,,,,00,LAUNCH_WAIT,CMD_ECHO
1095,06:56:15.11,10,C,F,N,0.4,25.9,4.32,235953.099,,,,00,LAUNCH_WAIT,CMD_ECHO
1095,06:56:16.12,11,C,F,N,0.5,25.9,4.32,235954.099,,,,00,LAUNCH_WAIT,CMD_ECHO
1095,06:56:17.13,12,C,F,N,0.5,26.0,4.32,235955.099,,,,00,LAUNCH_WAIT,CMD_ECHO
1095,06:56:18.14,13,C,F,N,0.5,26.0,4.32,235956.099,,,,00,LAUNCH_WAIT,CMD_ECHO
1095,06:56:19.15,14,C,F,N,0.6,26.0,4.32,235957.099,,,,00,LAUNCH_WAIT,CMD_ECHO
1095,06:56:20.16,15,C,F,N,0.6,26.0,4.31,235958.100,,,,00,LAUNCH_WAIT,CMD_ECHO
1095,06:56:21.17,16,C,F,N,0.6,26.0,4.32,235959.100,,,,00,LAUNCH_WAIT,CMD_ECHO
1095,06:56:22.18,17,C,F,N,0.5,26.0,4.31,000000.100,,,,00,LAUNCH_WAIT,CMD_ECHO
1095,06:56:23.19,18,C,F,N,0.4,26.1,4.32,000001.100,,,,00,LAUNCH_WAIT,CMD_ECHO
1095,06:56:24.20,19,C,F,N,0.4,26.1,4.32,000002.100,,,,00,LAUNCH_WAIT,CMD_ECHO
1095,06:56:25.21,20,C,F,N,0.4,26.1,4.31,000003.100,,,,00,LAUNCH_WAIT,CMD_ECHO
1095,06:56:26.22,21,C,F,N,0.4,26.1,4.32,000004.100,,,,00,LAUNCH_WAIT,CMD_ECHO
1095,06:56:27.23,22,C,F,N,0.3,26.1,4.12,000005.100,,,,00,LAUNCH_WAIT,CMD_ECHO
1095,06:02:11.99,58,C,F,N,0.0,24.5,4.34,000120.900,,,,00,LAUNCH_WAIT,CMD_ECHO1095
,,,,LAUNCH_WAIT,CMD_ECHO,,,,,,,,,,
1095,07:06:31.30,2,C,F,N,0.9,27.6,4.32,235944.200,,,,00,LAUNCH_WAIT,CMD_ECHO
1095,07:16:35.21,2,C,F,N,0.0,29.5,4.35,000947.600,,,,000,LAUNCH_WAIT,CMD_ECHO
1095,07:16:36.31,3,C,F,N,0.0,29.5,4.36,000949.500,,,,00,LAUNCH_WAIT,CMD_ECHO
1095,07:16:37.41,4,C,F,N,0.0,29.5,4.36,000950.500,,,,00,LAUNCH_WAIT,CMD_ECHO
1095,07:16:38.51,5,C,F,N,0.1,29.5,4.36,000951.500,,,,00,LAUNCH_WAIT,CMD_ECHO
1095,07:16:39.61,6,C,F,N,0.1,29.5,4.36,000952.500,,,,00,LAUNCH_WAIT,CMD_ECHO
1095,07:16:40.71,7,C,F,N,0.1,29.4,4.36,000953.500,,,,00,LAUNCH_WAIT,CMD_ECHO
1095,07:16:52.19,19,C,F,N,0.2,29.3,4.36,001005.600,,,,00,LAUNCH_WAIT,CMD_ECHO
1095,07:16:53.20,20,C,F,N,0.2,29.3,4.35,001006.600,,,,00,LAUNCH_WAIT,CMD_ECHO
1095,07:16:54.21,21,C,F,N,0.2,29.3,4.36,001007.600,,,,00,LAUNCH_WAIT,CMD_ECHO
1095,07:16:55.22,22,C,F,N,0.2,29.3,4.36,001008.600,,,,00,LAUNCH_WAIT,CMD_ECHO
1095,07:16:56.23,23,C,F,N,0.2,29.3,4.36,001009.600,,,,00,LAUNCH_WAIT,CMD_ECHO
1095,07:16:57.24,24,C,F,N,0.2,29.3,4.35,001010.600,,,,00,LAUNCH_WAIT,CMD_ECHO
1095,07:16:58.25,25,C,F,N,0.2,29.3,4.36,001011.600,,,,00,LAUNCH_WAIT,CMD_ECHO
1095,07:16:59.26,26,C,F,N,0.1,29.3,4.36,001012.600,,,,00,LAUNCH_WAIT,CMD_ECHO
1095,07:17:00.27,27,C,F,N,0.1,29.3,4.36,001013.600,,,,00,LAUNCH_WAIT,CMD_ECHO
1095,07:17:01.28,28,C,F,N,0.1,29.3,4.36,001014.600,,,,00,LAUNCH_WAIT,CMD_ECHO
1095,07:17:02.29,29,C,F,N,0.2,29.3,4.36,001015.600,,,,00,LAUNCH_WAIT,CMD_ECHO
1095,08:59:17.24,248,C,F,N,-0.3,29.6,4.36,001355.000,,,,00,LAUNCH_WAIT,ST085712
1095,08:59:18.24,249,C,F,N,-0.3,29.6,4.36,001356.000,,,,00,LAUNCH_WAIT,ST085712
1095,08:59:19.25,250,C,F,N,-0.3,29.6,4.36,001357.000,,,,00,LAUNCH_WAIT,ST085712
1095,08:59:20.25,251,C,F,N,-0.3,29.6,4.36,001358.000,,,,00,LAUNCH_WAIT,ST085712
1095,08:59:21.25,252,C,F,N,-0.3,29.6,4.36,001359.000,,,,00,LAUNCH_WAIT,ST085712
1095,08:59:22.25,253,C,F,N,-0.2,29.6,4.36,001400.000,,,,00,LAUNCH_WAIT,ST085712
1095,08:59:24.25,254,C,F,N,-0.2,29.6,4.36,001401.000,,,,00,LAUNCH_WAIT,ST085712
1095,08:59:25.25,255,C,F,N,-0.2,29.6,4.36,001402.000,,,,00,LAUNCH_WAIT,ST085712
1095,08:59:26.25,256,C,F,N,-0.2,29.6,4.36,001403.000,,,,00,LAUNCH_WAIT,ST085712
1095,08:59:27.25,257,C,F,N,-0.3,29.6,4.36,001404.000,,,,00,LAUNCH_WAIT,ST085712
1095,08:59:28.25,258,C,F,N,-0.3,29.6,4.36,001405.000,,,,00,LAUNCH_WAIT,ST085712
1095,08:59:29.25,259,C,F,N,-0.2,29.6,4.35,001406.000,,,,00,LAUNCH_WAIT,ST085712
1095,08:59:30.26,260,C,F,N,-0.2,29.6,4.36,001407.000,,,,00,LAUNCH_WAIT,ST085712
1095,08:59:31.26,261,C,F,N,-0.2,29.6,4.37,001408.000,,,,00,LAUNCH_WAIT,ST085712
1095,08:59:32.26,262,C,F,N,-0.2,29.6,4.35,001409.000,,,,00,LAUNCH_WAIT,ST085712
1095,08:59:33.26,263,C,F,N,-0.2,29.6,4.36,001410.000,,,,00,LAUNCH_WAIT,ST085712
1095,08:59:34.26,264,C,F,N,-0.2,29.6,4.36,001411.000,,,,00,LAUNCH_WAIT,ST085712
1095,08:59:35.26,265,C,F,N,-0.3,29.6,4.36,001412.000,,,,00,LAUNCH_WAIT,ST085712
1095,08:59:36.26,266,C,F,N,-0.3,29.6,4.36,001413.000,,,,00,LAUNCH_WAIT,ST085712
1095,08:59:37.26,267,C,F,N,-0.3,29.6,4.36,001414.000,,,,00,LAUNCH_WAIT,ST085712
1095,08:59:38.26,268,C,F,N,-0.3,29.6,4.36,001415.000,,,,00,LAUNCH_WAIT,ST085712
1095,08:59:39.26,269,C,F,N,-0.3,29.6,4.35,001416.000,,,,00,LAUNCH_WAIT,ST085712
1095,08:59:40.27,270,C,F,N,-0.3,29.6,4.35,001417.000,,,,00,LAUNCH_WAIT,ST085712
1095,08:59:41.27,271,C,F,N,-0.3,29.7,4.36,001418.000,,,,00,LAUNCH_WAIT,ST085712
1095,08:59:42.27,272,C,F,N,-0.3,29.7,4.36,001419.000,,,,00,LAUNCH_WAIT,ST085712
1095,08:59:43.27,273,C,F,N,-0.3,29.7,4.36,001420.000,,,,00,LAUNCH_WAIT,ST085712
1095,08:59:44.27,274,C,F,N,-0.3,29.7,4.36,001421.000,,,,00,LAUNCH_WAIT,ST085712
1095,08:59:45.27,275,C,F,N,-0.3,29.7,4.36,001422.000,,,,00,LAUNCH_WAIT,ST085712
1095,08:59:46.27,276,C,F,N,-0.3,29.7,4.36,001423.000,,,,00,LAUNCH_WAIT,ST085712
1095,08:59:47.27,277,C,F,N,-0.3,29.7,4.36,001424.000,,,,00,LAUNCH_WAIT,ST085712
1095,08:59:48.27,278,C,F,N,-0.3,29.7,4.36,001425.000,,,,00,LAUNCH_WAIT,ST085712
1095,08:59:49.27,279,C,F,N,-0.3,29.7,4.36,001426.000,,,,00,LAUNCH_WAIT,ST085712
1095,08:59:50.28,280,C,F,N,-0.3,29.7,4.36,001427.000,,,,00,LAUNCH_WAIT,ST085712
1095,08:59:51.28,281,C,F,N,-0.3,29.7,4.36,001428.000,,,,00,LAUNCH_WAIT,ST085712
1095,08:59:52.28,282,C,F,N,-0.3,29.7,4.35,001429.000,,,,00,LAUNCH_WAIT,ST085712
1095,08:59:53.28,283,C,F,N,-0.3,29.7,4.35,001430.000,,,,00,LAUNCH_WAIT,ST085712
1095,08:59:54.28,284,C,F,N,-0.3,29.7,4.36,001431.000,,,,00,LAUNCH_WAIT,ST085712
1095,08:59:55.28,285,C,F,N,-0.3,29.7,4.35,001432.000,,,,00,LAUNCH_WAIT,ST085712
1095,08:59:56.28,286,C,F,N,-0.3,29.7,4.35,001433.100,,,,00,LAUNCH_WAIT,ST085712
1095,08:59:57.28,287,C,F,N,-0.3,29.7,4.36,001434.100,,,,00,LAUNCH_WAIT,ST085712
1095,08:59:58.28,288,C,F,N,-0.4,29.7,4.36,001435.100,,,,00,LAUNCH_WAIT,ST085712
1095,08:59:59.28,289,C,F,N,-0.3,29.7,4.36,001436.100,,,,00,LAUNCH_WAIT,ST085712
1095,09:00:00.29,290,C,F,N,-0.3,29.7,4.35,001437.100,,,,00,LAUNCH_WAIT,ST085712
1095,09:00:01.29,291,C,F,N,-0.3,29.7,4.36,001438.100,,,,00,LAUNCH_WAIT,ST085712
1095,09:00:02.29,292,C,F,N,-0.3,29.7,4.36,001439.100,,,,00,LAUNCH_WAIT,ST085712
1095,09:00:03.29,293,C,F,N,-0.3,29.7,4.36,001440.100,,,,00,LAUNCH_WAIT,ST085712
1095,09:00:04.29,294,C,F,N,-0.3,29.7,4.36,001441.100,,,,00,LAUNCH_WAIT,ST085712
1095,09:00:05.29,295,C,F,N,-0.2,29.7,4.36,001442.100,,,,00,LAUNCH_WAIT,ST085712
1095,09:00:06.29,296,C,F,N,-0.2,29.7,4.36,001443.100,,,,00,LAUNCH_WAIT,ST085712
1095,09:00:07.29,297,C,F,N,-0.2,29.7,4.35,001444.100,,,,00,LAUNCH_WAIT,ST085712
1095,09:00:08.29,298,C,F,N,-0.2,29.7,4.35,001445.100,,,,00,LAUNCH_WAIT,ST085712
1095,09:00:09.29,299,C,F,N,-0.2,29.7,4.36,001446.100,,,,00,LAUNCH_WAIT,ST085712
1095,09:00:10.30,300,C,F,N,-0.2,29.7,4.35,001447.100,,,,00,LAUNCH_WAIT,ST085712
1095,09:00:11.30,301,C,F,N,-0.2,29.7,4.39,001448.100,,,,00,LAUNCH_WAIT,ST085712
1095,09:00:12.30,302,C,F,N,-0.2,29.7,4.35,001449.100,,,,00,LAUNCH_WAIT,ST085712
1095,09:00:13.30,303,C,F,N,-0.3,29.7,4.36,001450.100,,,,00,LAUNCH_WAIT,ST085712
1095,09:00:14.30,304,C,F,N,-0.3,29.7,4.36,001451.100,,,,00,LAUNCH_WAIT,ST085712
1095,09:00:15.30,305,C,F,N,-0.3,29.7,4.36,001452.100,,,,00,LAUNCH_WAIT,ST085712
1095,09:00:16.30,306,C,F,N,-0.3,29.7,4.35,001453.100,,,,00,LAUNCH_WAIT,ST085712
1095,09:00:17.30,307,C,F,N,-0.3,29.7,4.36,001454.100,,,,00,LAUNCH_WAIT,ST085712
1095,09:00:18.30,308,C,F,N,-0.3,29.7,4.36,001455.100,,,,00,LAUNCH_WAIT,ST085712
1095,09:00:19.30,309,C,F,N,-0.3,29.7,4.36,001456.100,,,,00,LAUNCH_WAIT,ST085712
1095,09:00:20.31,310,C,F,N,-0.3,29.7,4.36,001457.100,,,,00,LAUNCH_WAIT,ST085712
1095,09:00:21.31,311,C,F,N,-0.3,29.7,4.35,001458.100,,,,00,LAUNCH_WAIT,ST085712
1095,09:00:22.31,312,C,F,N,-0.3,29.7,4.36,001459.100,,,,00,LAUNCH_WAIT,ST085712
1095,09:00:23.31,313,C,F,N,-0.3,29.7,4.36,001500.100,,,,00,LAUNCH_WAIT,ST085712
1095,09:00:24.31,314,C,F,N,-0.3,29.7,4.36,001501.100,,,,00,LAUNCH_WAIT,ST085712
1095,09:00:25.31,315,C,F,N,-0.3,29.7,4.36,001502.100,,,,00,LAUNCH_WAIT,ST085712
1095,09:00:26.31,316,C,F,N,-0.3,29.8,4.35,001503.100,,,,00,LAUNCH_WAIT,ST085712
1095,09:00:27.31,317,C,F,N,-0.3,29.8,4.35,001504.100,,,,00,LAUNCH_WAIT,ST085712
1095,09:00:28.31,318,C,F,N,-0.3,29.8,4.36,001505.100,,,,00,LAUNCH_WAIT,ST085712
1095,09:00:29.31,319,C,F,N,-0.3,29.8,4.36,001506.100,,,,00,LAUNCH_WAIT,ST085712
1095,09:00:30.32,320,C,F,N,-0.3,29.8,4.36,001507.100,,,,00,LAUNCH_WAIT,ST085712
1095,09:00:31.32,321,C,F,N,-0.2,29.8,4.35,001508.100,,,,00,LAUNCH_WAIT,ST085712
1095,09:00:32.32,322,C,F,N,-0.2,29.8,4.35,001509.100,,,,00,LAUNCH_WAIT,ST085712
1095,09:00:33.32,323,C,F,N,-0.2,29.8,4.36,001510.100,,,,00,LAUNCH_WAIT,ST085712
1095,09:00:34.32,324,C,F,N,-0.2,29.8,4.36,001511.100,,,,00,LAUNCH_WAIT,ST085712
1095,09:00:35.32,325,C,F,N,-0.2,29.8,4.36,001512.100,,,,00,LAUNCH_WAIT,ST085712
1095,09:00:36.32,326,C,F,N,-0.2,29.8,4.36,001513.100,,,,00,LAUNCH_WAIT,ST085712
1095,09:00:37.32,327,C,F,N,-0.2,29.8,4.36,001514.100,,,,00,LAUNCH_WAIT,ST085712
1095,09:00:38.32,328,C,F,N,-0.3,29.8,4.36,001515.100,,,,00,LAUNCH_WAIT,ST085712
1095,09:00:39.32,329,C,F,N,-0.3,29.8,4.36,001516.100,,,,00,LAUNCH_WAIT,ST085712
1095,09:00:40.33,330,C,F,N,-0.4,29.8,4.35,001517.100,,,,00,LAUNCH_WAIT,ST085712
1095,09:00:41.33,331,C,F,N,-0.4,29.8,4.34,001518.100,,,,00,LAUNCH_WAIT,ST085712
1095,09:00:42.33,332,C,F,N,-0.4,29.8,4.36,001519.100,,,,00,LAUNCH_WAIT,ST085712
1095,09:00:43.33,333,C,F,N,-0.4,29.8,4.36,001520.100,,,,00,LAUNCH_WAIT,ST085712
1095,09:00:44.33,334,C,F,N,-0.4,29.8,4.36,001521.100,,,,00,LAUNCH_WAIT,ST085712
1095,09:00:45.33,335,C,F,N,-0.4,29.8,4.36,001522.100,,,,00,LAUNCH_WAIT,ST085712
1095,09:00:46.33,336,C,F,N,-0.4,29.8,4.36,001523.100,,,,00,LAUNCH_WAIT,ST085712
1095,09:00:47.33,337,C,F,N,-0.3,29.8,4.36,001524.100,,,,00,LAUNCH_WAIT,ST085712
1095,09:00:48.33,338,C,F,N,-0.3,29.8,4.36,001525.100,,,,00,LAUNCH_WAIT,ST085712
1095,09:00:49.33,339,C,F,N,-0.3,29.8,4.36,001526.100,,,,00,LAUNCH_WAIT,ST085712
1095,09:00:50.34,340,C,F,N,-0.3,29.8,4.36,001527.100,,,,00,LAUNCH_WAIT,ST085712
1095,09:00:51.34,341,C,F,N,-0.3,29.8,4.36,001528.100,,,,00,LAUNCH_WAIT,ST085712
1095,09:00:52.34,342,C,F,N,-0.3,29.8,4.36,001529.100,,,,00,LAUNCH_WAIT,ST085712
1095,09:00:53.34,343,C,F,N,-0.3,29.8,4.36,001530.100,,,,00,LAUNCH_WAIT,ST085712
1095,09:00:54.34,344,C,F,N,-0.3,29.8,4.36,001531.100,,,,00,LAUNCH_WAIT,ST085712
1095,09:57:12.34,345,C,F,N,-0.3,29.8,4.35,001532.100,,,,00,LAUNCH_WAIT,ST095712
1095,09:57:13.34,346,C,F,N,-0.3,29.8,4.35,001533.200,,,,00,LAUNCH_WAIT,ST095712
1095,09:57:14.34,347,C,F,N,-0.3,29.8,4.36,001534.200,,,,00,LAUNCH_WAIT,ST095712
1095,09:57:15.34,348,C,F,N,-0.3,29.9,4.36,001535.200,,,,00,LAUNCH_WAIT,ST095712
1095,09:57:16.34,349,C,F,N,-0.3,29.9,4.36,001536.200,,,,00,LAUNCH_WAIT,ST095712
1095,09:57:17.35,350,C,F,N,-0.2,29.9,4.36,001537.200,,,,00,LAUNCH_WAIT,ST095712
1095,09:57:18.35,351,C,F,N,-0.2,29.9,4.36,001538.200,,,,00,LAUNCH_WAIT,ST095712
1095,09:57:19.35,352,C,F,N,-0.2,29.9,4.36,001539.200,,,,00,LAUNCH_WAIT,ST095712
1095,09:57:20.35,353,C,F,N,-0.2,29.9,4.36,001540.200,,,,00,LAUNCH_WAIT,ST095712
1095,09:57:21.35,354,C,F,N,-0.2,29.9,4.35,001541.200,,,,00,LAUNCH_WAIT,ST095712
1095,09:57:22.35,355,C,F,N,-0.2,29.9,4.36,001542.200,,,,00,LAUNCH_WAIT,ST095712
1095,09:57:23.35,356,C,F,N,-0.2,29.9,4.37,001543.200,,,,00,LAUNCH_WAIT,ST095712
1095,09:57:24.35,357,C,F,N,-0.2,29.9,4.36,001544.200,,,,00,LAUNCH_WAIT,ST095712
1095,09:57:25.35,358,C,F,N,-0.2,29.9,4.36,001545.200,,,,00,LAUNCH_WAIT,ST095712
1095,09:57:26.35,359,C,F,N,-0.2,29.9,4.36,001546.200,,,,00,LAUNCH_WAIT,ST095712
1095,09:57:27.36,360,C,F,N,-0.2,29.9,4.36,001547.200,,,,00,LAUNCH_WAIT,ST095712
1095,09:57:28.36,361,C,F,N,-0.3,29.9,4.36,001548.200,,,,00,LAUNCH_WAIT,ST095712
1095,09:57:29.36,362,C,F,N,-0.3,29.9,4.36,001549.200,,,,00,LAUNCH_WAIT,ST095712
1095,09:57:30.36,363,C,F,N,-0.2,29.9,4.36,001550.200,,,,00,LAUNCH_WAIT,ST095712
1095,09:57:31.36,364,C,F,N,-0.2,29.9,4.36,001551.200,,,,00,LAUNCH_WAIT,ST095712
1095,09:57:32.36,365,C,F,N,-0.3,29.9,4.36,001552.200,,,,00,LAUNCH_WAIT,ST095712
1095,09:57:33.36,366,C,F,N,-0.3,29.9,4.36,001553.200,,,,00,LAUNCH_WAIT,ST095712
1095,09:57:34.36,367,C,F,N,-0.3,29.9,4.37,001554.200,,,,00,LAUNCH_WAIT,ST095712
1095,09:57:35.36,368,C,F,N,-0.3,29.9,4.36,001555.200,,,,00,LAUNCH_WAIT,ST095712
1095,09:57:36.36,369,C,F,N,-0.3,29.9,4.36,001556.200,,,,00,LAUNCH_WAIT,ST095712
1095,09:57:37.37,370,C,F,N,-0.2,29.9,4.37,001557.200,,,,00,LAUNCH_WAIT,ST095712
1095,09:57:38.37,371,C,F,N,-0.2,29.9,4.36,001558.200,,,,00,LAUNCH_WAIT,ST095712
1095,09:57:39.37,372,C,F,N,-0.2,29.9,4.36,001559.200,,,,00,LAUNCH_WAIT,ST095712
1095,09:57:40.37,373,C,F,N,-0.2,29.9,4.35,001600.200,,,,00,LAUNCH_WAIT,ST095712
1095,09:57:41.37,374,C,F,N,-0.2,29.9,4.36,001601.200,,,,00,LAUNCH_WAIT,ST095712
1095,10:01:18.59,590,C,F,N,-0.5,30.3,4.37,001937.599,,,,00,LAUNCH_WAIT,ST095712
1095,10:01:19.59,591,C,F,N,-0.5,30.3,4.36,001938.599,,,,00,LAUNCH_WAIT,ST095712
1095,10:01:20.59,592,C,F,N,-0.5,30.3,4.36,001939.599,,,,00,LAUNCH_WAIT,ST095712
1095,10:01:21.59,593,C,F,N,-0.5,30.3,4.36,001940.599,,,,00,LAUNCH_WAIT,ST095712
1095,10:01:22.59,594,C,F,N,-0.5,30.3,4.35,001941.599,,,,00,LAUNCH_WAIT,ST095712
1095,10:01:23.59,595,C,F,N,-0.5,30.3,4.36,001942.599,,,,00,LAUNCH_WAIT,ST095712
1095,10:01:24.59,596,C,F,N,-0.6,30.3,4.36,001943.599,,,,00,LAUNCH_WAIT,ST095712
1095,10:01:25.59,597,C,F,N,-0.5,30.3,4.36,001944.599,,,,00,LAUNCH_WAIT,ST095712
1095,10:01:26.59,598,C,F,N,-0.6,30.3,4.36,001945.599,,,,00,LAUNCH_WAIT,ST095712
1095,10:01:27.60,599,C,F,N,-0.6,30.3,4.35,001946.599,,,,00,LAUNCH_WAIT,ST095712
1095,10:01:28.60,600,C,F,N,-0.6,30.3,4.36,001947.599,,,,00,LAUNCH_WAIT,ST095712
1095,10:01:29.60,601,C,F,N,-0.6,30.3,4.36,001948.599,,,,00,LAUNCH_WAIT,ST095712
1095,10:01:30.60,602,C,F,N,-0.6,30.3,4.35,001949.700,,,,00,LAUNCH_WAIT,ST095712
1095,10:01:31.60,603,C,F,N,-0.6,30.3,4.36,001950.700,,,,00,LAUNCH_WAIT,ST095712
1095,10:01:32.60,604,C,F,N,-0.6,30.3,4.36,001951.700,,,,00,LAUNCH_WAIT,ST095712
1095,10:01:33.60,605,C,F,N,-0.6,30.3,4.35,001952.700,,,,00,LAUNCH_WAIT,ST095712
1095,10:01:34.60,606,C,F,N,-0.6,30.3,4.36,001953.700,,,,00,LAUNCH_WAIT,ST095712
1095,10:01:35.60,607,C,F,N,-0.6,30.3,4.36,001954.700,,,,00,LAUNCH_WAIT,ST095712
1095,10:01:36.60,608,C,F,N,-0.6,30.3,4.36,001955.700,,,,00,LAUNCH_WAIT,ST095712
1095,10:01:37.61,609,C,F,N,-0.6,30.3,4.36,001956.700,,,,00,LAUNCH_WAIT,ST095712
1095,10:01:38.61,610,C,F,N,-0.6,30.3,4.35,001957.700,,,,00,LAUNCH_WAIT,ST095712
1095,10:01:39.61,611,C,F,N,-0.6,30.3,4.36,001958.700,,,,00,LAUNCH_WAIT,ST095712
1095,10:01:40.61,612,C,F,N,-0.6,30.3,4.35,001959.700,,,,00,LAUNCH_WAIT,ST095712
1095,10:01:41.61,613,C,F,N,-0.6,30.3,4.35,002000.700,,,,00,LAUNCH_WAIT,ST095712
1095,10:01:42.61,614,C,F,N,-0.6,30.3,4.36,002001.700,,,,00,LAUNCH_WAIT,ST095712
1095,10:01:43.61,615,C,F,N,-0.5,30.3,4.36,002002.700,,,,00,LAUNCH_WAIT,ST095712
1095,10:01:44.61,616,C,F,N,-0.5,30.3,4.39,002003.700,,,,00,LAUNCH_WAIT,ST095712
1095,10:01:45.61,617,C,F,N,-0.5,30.3,4.36,002004.700,,,,00,LAUNCH_WAIT,ST095712
1095,10:01:46.61,618,C,F,N,-0.6,30.3,4.36,002005.700,,,,00,LAUNCH_WAIT,ST095712
1095,10:01:47.62,619,C,F,N,-0.6,30.3,4.37,002006.700,,,,00,LAUNCH_WAIT,ST095712
1095,10:01:48.62,620,C,F,N,-0.6,30.3,4.36,002007.700,,,,00,LAUNCH_WAIT,ST095712
1095,10:01:49.62,621,C,F,N,-0.6,30.3,4.36,002008.700,,,,00,LAUNCH_WAIT,ST095712
1095,10:01:50.62,622,C,F,N,-0.6,30.3,4.37,002009.700,,,,00,LAUNCH_WAIT,ST095712
1095,10:01:51.62,623,C,F,N,-0.6,30.3,4.35,002010.700,,,,00,LAUNCH_WAIT,ST095712
1095,10:01:52.62,624,C,F,N,-0.6,30.3,4.36,002011.700,,,,00,LAUNCH_WAIT,ST095712
1095,10:01:53.62,625,C,F,N,-0.5,30.3,4.36,002012.700,,,,00,LAUNCH_WAIT,ST095712
1095,10:01:54.62,626,C,F,N,-0.5,30.3,4.36,002013.700,,,,00,LAUNCH_WAIT,ST095712
1095,10:01:55.62,627,C,F,N,-0.5,30.3,4.35,002014.700,,,,00,LAUNCH_WAIT,ST095712
1095,10:01:56.62,628,C,F,N,-0.5,30.3,4.36,002015.700,,,,00,LAUNCH_WAIT,ST095712
1095,10:01:57.63,629,C,F,N,-0.5,30.3,4.36,002016.700,,,,00,LAUNCH_WAIT,ST095712
1095,10:01:58.63,630,C,F,N,-0.5,30.3,4.36,002017.700,,,,00,LAUNCH_WAIT,ST095712
1095,10:01:59.63,631,C,F,N,-0.5,30.3,4.36,002018.700,,,,00,LAUNCH_WAIT,ST095712
1095,10:02:00.63,632,C,F,N,-0.5,30.3,4.36,002019.700,,,,00,LAUNCH_WAIT,ST095712
1095,10:02:01.63,633,C,F,N,-0.5,30.3,4.36,002020.700,,,,00,LAUNCH_WAIT,ST095712
1095,10:02:02.63,634,C,F,N,-0.5,30.3,4.35,002021.700,,,,00,LAUNCH_WAIT,ST095712
1095,10:02:03.63,635,C,F,N,-0.5,30.3,4.36,002022.700,,,,00,LAUNCH_WAIT,ST095712
1095,10:02:04.63,636,C,F,N,-0.5,30.3,4.36,002023.700,,,,00,LAUNCH_WAIT,ST095712
1095,10:02:05.63,637,C,F,N,-0.5,30.3,4.36,002024.700,,,,00,LAUNCH_WAIT,ST095712
1095,10:02:06.63,638,C,F,N,-0.6,30.3,4.36,002025.700,,,,00,LAUNCH_WAIT,ST095712
1095,10:02:07.64,639,C,F,N,-0.6,30.3,4.35,002026.700,,,,00,LAUNCH_WAIT,ST095712
1095,10:02:08.64,640,C,F,N,-0.6,30.3,4.35,002027.700,,,,00,LAUNCH_WAIT,ST095712
1095,10:02:09.64,641,C,F,N,-0.5,30.3,4.36,002028.700,,,,00,LAUNCH_WAIT,ST095712
1095,10:02:10.64,642,C,F,N,-0.5,30.3,4.36,002029.700,,,,00,LAUNCH_WAIT,ST095712
1095,10:02:11.64,643,C,F,N,-0.5,30.3,4.35,002030.700,,,,00,LAUNCH_WAIT,ST095712
1095,10:02:12.64,644,C,F,N,-0.5,30.3,4.36,002031.700,,,,00,LAUNCH_WAIT,ST095712
1095,10:02:13.64,645,C,F,N,-0.5,30.3,4.35,002032.700,,,,00,LAUNCH_WAIT,ST095712
1095,10:02:14.64,646,C,F,N,-0.5,30.3,4.36,002033.700,,,,00,LAUNCH_WAIT,ST095712
1095,05:01:03.10,1028,C,F,N,-1.7,30.6,4.36,002656.500,,,,00,LAUNCH_WAIT,ST045712
1095,05:01:04.10,1029,C,F,N,-1.7,30.6,4.36,002657.500,,,,00,LAUNCH_WAIT,ST045712
1095,05:01:05.10,1030,C,F,N,-1.7,30.6,4.35,002658.500,,,,00,LAUNCH_WAIT,ST045712
1095,05:01:06.10,1031,C,F,N,-1.7,30.6,4.36,002659.500,,,,00,LAUNCH_WAIT,ST045712
1095,05:01:07.10,1032,C,F,N,-1.7,30.6,4.36,002700.500,,,,00,LAUNCH_WAIT,ST045712
1095,05:01:08.10,1033,C,F,N,-1.7,30.6,4.36,002701.500,,,,00,LAUNCH_WAIT,ST045712
1095,05:01:09.10,1034,C,F,N,-1.6,30.6,4.36,002702.500,,,,00,LAUNCH_WAIT,ST045712
1095,05:01:10.10,1035,C,F,N,-1.6,30.6,4.36,002703.500,,,,00,LAUNCH_WAIT,ST045712
1095,05:01:11.10,1036,C,F,N,-1.6,30.6,4.36,002704.500,,,,00,LAUNCH_WAIT,ST045712
1095,05:01:12.10,1037,C,F,N,-1.7,30.6,4.36,002705.500,,,,00,LAUNCH_WAIT,ST045712
1095,05:01:13.10,1038,C,F,N,-1.7,30.6,4.36,002706.500,,,,00,LAUNCH_WAIT,ST045712
1095,05:01:14.10,1039,C,F,N,-1.7,30.6,4.36,002707.500,,,,00,LAUNCH_WAIT,ST045712
1095,05:01:15.10,1040,C,F,N,-1.7,30.6,4.36,002708.500,,,,00,LAUNCH_WAIT,ST045712
1095,05:01:16.10,1041,C,F,N,-1.7,30.6,4.36,002709.500,,,,00,LAUNCH_WAIT,ST045712
1095,05:01:17.10,1042,C,F,N,-1.7,30.6,4.36,002710.500,,,,00,LAUNCH_WAIT,ST045712
1095,05:01:18.10,1043,C,F,N,-1.7,30.6,4.36,002711.500,,,,00,LAUNCH_WAIT,ST045712
1095,05:01:19.10,1044,C,F,N,-1.7,30.6,4.36,002712.500,,,,00,LAUNCH_WAIT,ST045712
1095,05:01:20.10,1045,C,F,N,-1.7,30.6,4.36,002713.500,,,,00,LAUNCH_WAIT,ST045712
1095,05:01:21.10,1046,C,F,N,-1.7,30.6,4.37,002714.599,,,,00,LAUNCH_WAIT,ST045712
1095,05:01:22.10,1047,C,F,N,-1.7,30.6,4.36,002715.599,,,,00,LAUNCH_WAIT,ST045712
1095,05:01:23.10,1048,C,F,N,-1.7,30.6,4.36,002716.599,,,,00,LAUNCH_WAIT,ST045712
1095,05:01:24.10,1049,C,F,N,-1.7,30.6,4.36,002717.599,,,,00,LAUNCH_WAIT,ST045712
1095,05:01:25.10,1050,C,F,N,-1.7,30.6,4.35,002718.599,,,,00,LAUNCH_WAIT,ST045712
1095,05:01:26.10,1051,C,F,N,-1.7,30.6,4.35,002719.599,,,,00,LAUNCH_WAIT,ST045712
1095,05:01:27.10,1052,C,F,N,-1.8,30.6,4.36,002720.599,,,,00,LAUNCH_WAIT,ST045712
1095,05:01:28.10,1053,C,F,N,-1.8,30.6,4.35,002721.599,,,,00,LAUNCH_WAIT,ST045712
1095,05:01:29.10,1054,C,F,N,-1.7,30.6,4.36,002722.599,,,,00,LAUNCH_WAIT,ST045712
1095,05:01:30.10,1055,C,F,N,-1.8,30.6,4.35,002723.599,,,,00,LAUNCH_WAIT,ST045712
1095,05:01:31.10,1056,C,F,N,-1.7,30.6,4.35,002724.599,,,,00,LAUNCH_WAIT,ST045712
1095,05:01:32.10,1057,C,F,N,-1.7,30.6,4.36,002725.599,,,,00,LAUNCH_WAIT,ST045712
1095,05:01:33.10,1058,C,F,N,-1.7,30.6,4.36,002726.599,,,,00,LAUNCH_WAIT,ST045712
1095,05:01:34.10,1059,C,F,N,-1.7,30.6,4.36,002727.599,,,,00,LAUNCH_WAIT,ST045712
1095,05:01:35.10,1060,C,F,N,-1.7,30.6,4.36,002728.599,,,,00,LAUNCH_WAIT,ST045712
1095,05:01:36.10,1061,C,F,N,-1.7,30.6,4.36,002729.599,,,,00,LAUNCH_WAIT,ST045712
1095,05:01:37.10,1062,C,F,N,-1.7,30.6,4.36,002730.599,,,,00,LAUNCH_WAIT,ST045712
1095,05:01:38.10,1063,C,F,N,-1.7,30.6,4.36,002731.599,,,,00,LAUNCH_WAIT,ST045712
1095,05:01:39.10,1064,C,F,N,-1.8,30.6,4.36,002732.599,,,,00,LAUNCH_WAIT,ST045712
1095,05:01:40.10,1065,C,F,N,-1.8,30.6,4.36,002733.599,,,,00,LAUNCH_WAIT,ST045712
1095,05:01:41.10,1066,C,F,N,-1.8,30.6,4.36,002734.599,,,,00,LAUNCH_WAIT,ST045712
1095,05:01:42.10,1067,C,F,N,-1.8,30.6,4.36,002735.599,,,,00,LAUNCH_WAIT,ST045712
1095,05:01:43.10,1068,C,F,N,-1.8,30.7,4.36,002736.599,,,,00,LAUNCH_WAIT,ST045712
1095,05:01:44.10,1069,C,F,N,-1.8,30.7,4.36,002737.599,,,,00,LAUNCH_WAIT,ST045712
1095,05:01:45.10,1070,C,F,N,-1.8,30.7,4.35,002738.599,,,,00,LAUNCH_WAIT,ST045712
1095,05:01:46.10,1071,C,F,N,-1.8,30.7,4.36,002739.599,,,,00,LAUNCH_WAIT,ST045712
1095,05:01:47.10,1072,C,F,N,-1.7,30.6,4.36,002740.599,,,,00,LAUNCH_WAIT,ST045712
1095,05:01:48.10,1073,C,F,N,-1.7,30.6,4.36,002741.599,,,,00,LAUNCH_WAIT,ST045712
1095,05:01:49.10,1074,C,F,N,-1.7,30.6,4.36,002742.599,,,,00,LAUNCH_WAIT,ST045712
1095,05:01:50.10,1075,C,F,N,-1.8,30.7,4.36,002743.599,,,,00,LAUNCH_WAIT,ST045712
1095,05:01:51.10,1076,C,F,N,-1.8,30.7,4.36,002744.599,,,,00,LAUNCH_WAIT,ST045712
1095,05:01:52.10,1077,C,F,N,-1.8,30.7,4.36,002745.599,,,,00,LAUNCH_WAIT,ST045712
1095,05:01:53.10,1078,C,F,N,-1.8,30.7,4.35,002746.599,,,,00,LAUNCH_WAIT,ST045712
1095,05:01:54.10,1079,C,F,N,-1.9,30.7,4.36,002747.599,,,,00,LAUNCH_WAIT,ST045712
1095,05:01:55.10,1080,C,F,N,-1.8,30.7,4.36,002748.599,,,,00,LAUNCH_WAIT,ST045712
1095,05:01:56.10,1081,C,F,N,-1.8,30.7,4.35,002749.599,,,,00,LAUNCH_WAIT,ST045712
1095,05:01:57.10,1082,C,F,N,-1.9,30.7,4.35,002750.599,,,,00,LAUNCH_WAIT,ST045712
1095,05:01:58.10,1083,C,F,N,-1.9,30.7,4.36,002751.599,,,,00,LAUNCH_WAIT,ST045712
1095,05:01:59.10,1084,C,F,N,-1.9,30.7,4.37,002752.599,,,,00,LAUNCH_WAIT,ST045712
1095,05:02:00.10,1085,C,F,N,-1.9,30.7,4.36,002753.599,,,,00,LAUNCH_WAIT,ST045712
1095,05:02:01.10,1086,C,F,N,-1.9,30.7,4.36,002754.599,,,,00,LAUNCH_WAIT,ST045712
1095,05:02:02.10,1087,C,F,N,-1.9,30.7,4.35,002755.599,,,,00,LAUNCH_WAIT,ST045712
1095,05:02:03.10,1088,C,F,N,-1.9,30.7,4.36,002756.599,,,,00,LAUNCH_WAIT,ST045712
1095,05:02:04.10,1089,C,F,N,-1.9,30.7,4.36,002757.599,,,,00,LAUNCH_WAIT,ST045712
1095,05:02:05.10,1090,C,F,N,-1.9,30.7,4.36,002758.599,,,,00,LAUNCH_WAIT,ST045712
1095,05:02:06.10,1091,C,F,N,-1.9,30.7,4.36,002759.599,,,,00,LAUNCH_WAIT,ST045712
1095,05:02:07.10,1092,C,F,N,-1.8,30.7,4.36,002800.599,,,,00,LAUNCH_WAIT,ST045712
1095,05:02:08.10,1093,C,F,N,-1.9,30.7,4.35,002801.599,,,,00,LAUNCH_WAIT,ST045712
1095,05:02:09.10,1094,C,F,N,-1.8,30.7,4.35,002802.599,,,,00,LAUNCH_WAIT,ST045712
1095,05:02:10.10,1095,C,F,N,-1.8,30.7,4.36,002803.599,,,,00,LAUNCH_WAIT,ST045712
1095,05:02:11.10,1096,C,F,N,-1.8,30.7,4.36,002804.599,,,,00,LAUNCH_WAIT,ST045712
1095,05:02:12.10,1097,C,F,N,-1.8,30.7,4.36,002805.599,,,,00,LAUNCH_WAIT,ST045712
1095,05:02:13.11,1098,C,F,N,-1.7,30.7,4.36,002806.599,,,,00,LAUNCH_WAIT,ST045712
1095,05:02:14.11,1099,C,F,N,-1.7,30.7,4.36,002807.599,,,,00,LAUNCH_WAIT,ST045712
1095,05:02:15.11,1100,C,F,N,-1.7,30.7,4.36,002808.700,,,,00,LAUNCH_WAIT,ST045712
1095,05:02:16.11,1101,C,F,N,-1.8,30.7,4.35,002809.700,,,,00,LAUNCH_WAIT,ST045712
1095,05:02:17.11,1102,C,F,N,-1.7,30.7,4.36,002810.700,,,,00,LAUNCH_WAIT,ST045712
1095,05:02:18.11,1103,C,F,N,-1.8,30.7,4.36,002811.700,,,,00,LAUNCH_WAIT,ST045712
1095,05:02:19.11,1104,C,F,N,-1.7,30.7,4.35,002812.700,,,,00,LAUNCH_WAIT,ST045712
1095,05:02:20.11,1105,C,F,N,-1.8,30.7,4.36,002813.700,,,,00,LAUNCH_WAIT,ST045712
1095,05:02:21.11,1106,C,F,N,-1.8,30.7,4.36,002814.700,,,,00,LAUNCH_WAIT,ST045712
1095,05:02:22.11,1107,C,F,N,-1.8,30.7,4.36,002815.700,,,,00,LAUNCH_WAIT,ST045712
1095,05:02:23.11,1108,C,F,N,-1.8,30.7,4.36,002816.700,,,,00,LAUNCH_WAIT,ST045712
1095,05:02:24.11,1109,C,F,N,-1.8,30.7,4.36,002817.700,,,,00,LAUNCH_WAIT,ST045712
1095,05:02:25.11,1110,C,F,N,-1.8,30.7,4.36,002818.700,,,,00,LAUNCH_WAIT,ST045712
1095,05:02:26.11,1111,C,F,N,-1.8,30.7,4.36,002819.700,,,,00,LAUNCH_WAIT,ST045712
1095,05:02:27.11,1112,C,F,N,-1.8,30.7,4.36,002820.700,,,,00,LAUNCH_WAIT,ST045712
1095,05:02:28.11,1113,C,F,N,-1.8,30.7,4.36,002821.700,,,,00,LAUNCH_WAIT,ST045712
1095,05:02:29.11,1114,C,F,N,-1.8,30.7,4.36,002822.700,,,,00,LAUNCH_WAIT,ST045712
1095,05:02:30.11,1115,C,F,N,-1.8,30.7,4.36,002823.700,,,,00,LAUNCH_WAIT,ST045712
1095,05:02:31.11,1116,C,F,N,-1.8,30.7,4.36,002824.700,,,,00,LAUNCH_WAIT,ST045712
1095,05:02:32.11,1117,C,F,N,-1.8,30.7,4.36,002825.700,,,,00,LAUNCH_WAIT,ST045712
1095,05:02:33.11,1118,C,F,N,-1.8,30.7,4.35,002826.700,,,,00,LAUNCH_WAIT,ST045712
1095,05:02:34.11,1119,C,F,N,-1.8,30.7,4.36,002827.700,,,,00,LAUNCH_WAIT,ST045712
1095,05:02:35.11,1120,C,F,N,-1.8,30.7,4.36,002828.700,,,,00,LAUNCH_WAIT,ST045712
1095,05:02:36.11,1121,C,F,N,-1.8,30.7,4.35,002829.700,,,,00,LAUNCH_WAIT,ST045712
1095,05:02:37.11,1122,C,F,N,-1.7,30.7,4.36,002830.700,,,,00,LAUNCH_WAIT,ST045712
1095,05:02:38.11,1123,C,F,N,-1.8,30.7,4.36,002831.700,,,,00,LAUNCH_WAIT,ST045712
1095,05:02:39.11,1124,C,F,N,-1.8,30.7,4.36,002832.700,,,,00,LAUNCH_WAIT,ST045712
1095,05:02:40.11,1125,C,F,N,-1.8,30.7,4.36,002833.700,,,,00,LAUNCH_WAIT,ST045712
1095,05:02:41.11,1126,C,F,N,-1.8,30.7,4.36,002834.700,,,,00,LAUNCH_WAIT,ST045712
1095,05:02:42.11,1127,C,F,N,-1.8,30.7,4.35,002835.700,,,,00,LAUNCH_WAIT,ST045712
1095,05:02:43.11,1128,C,F,N,-1.8,30.7,4.36,002836.700,,,,00,LAUNCH_WAIT,ST045712
1095,05:02:44.11,1129,C,F,N,-1.8,30.7,4.36,002837.700,,,,00,LAUNCH_WAIT,ST045712
1095,05:02:45.11,1130,C,F,N,-1.8,30.7,4.36,002838.700,,,,00,LAUNCH_WAIT,ST045712
1095,05:02:46.11,1131,C,F,N,-1.9,30.7,4.36,002839.700,,,,00,LAUNCH_WAIT,ST045712
1095,05:02:47.11,1132,C,F,N,-1.9,30.7,4.36,002840.700,,,,00,LAUNCH_WAIT,ST045712
1095,05:02:48.11,1133,C,F,N,-1.9,30.7,4.36,002841.700,,,,00,LAUNCH_WAIT,ST045712
1095,05:02:49.11,1134,C,F,N,-1.9,30.7,4.36,002842.700,,,,00,LAUNCH_WAIT,ST045712
1095,05:02:50.11,1135,C,F,N,-1.9,30.7,4.36,002843.700,,,,00,LAUNCH_WAIT,ST045712
1095,05:02:51.11,1136,C,F,N,-1.8,30.7,4.37,002844.700,,,,00,LAUNCH_WAIT,ST045712
1095,05:02:52.11,1137,C,F,N,-1.9,30.7,4.36,002845.700,,,,00,LAUNCH_WAIT,ST045712
1095,05:02:53.11,1138,C,F,N,-1.9,30.7,4.37,002846.700,,,,00,LAUNCH_WAIT,ST045712
1095,05:02:54.11,1139,C,F,N,-1.9,30.7,4.36,002847.700,,,,00,LAUNCH_WAIT,ST045712
1095,05:02:55.11,1140,C,F,N,-1.9,30.7,4.36,002848.700,,,,00,LAUNCH_WAIT,ST045712
1095,05:02:56.11,1141,C,F,N,-1.9,30.7,4.36,002849.700,,,,00,LAUNCH_WAIT,ST045712
1095,05:02:57.11,1142,C,F,N,-1.9,30.7,4.36,002850.700,,,,00,LAUNCH_WAIT,ST045712
1095,05:02:58.11,1143,C,F,N,-1.9,30.7,4.36,002851.700,,,,00,LAUNCH_WAIT,ST045712
1095,05:02:59.11,1144,C,F,N,-1.9,30.7,4.36,002852.700,,,,00,LAUNCH_WAIT,ST045712
1095,05:03:00.11,1145,C,F,N,-1.9,30.7,4.37,002853.700,,,,00,LAUNCH_WAIT,ST045712
1095,05:03:01.11,1146,C,F,N,-1.9,30.7,4.36,002854.700,,,,00,LAUNCH_WAIT,ST045712
1095,05:03:02.11,1147,C,F,N,-1.9,30.7,4.36,002855.700,,,,00,LAUNCH_WAIT,ST045712
1095,05:03:03.11,1148,C,F,N,-1.9,30.7,4.36,002856.799,,,,00,LAUNCH_WAIT,ST045712
1095,05:03:04.11,1149,C,F,N,-1.9,30.7,4.36,002857.799,,,,00,LAUNCH_WAIT,ST045712
1095,05:03:05.11,1150,C,F,N,-1.9,30.7,4.36,002858.799,,,,00,LAUNCH_WAIT,ST045712
1095,05:03:06.11,1151,C,F,N,-1.9,30.7,4.36,002859.799,,,,00,LAUNCH_WAIT,ST045712
1095,05:03:07.11,1152,C,F,N,-1.9,30.7,4.36,002900.799,,,,00,LAUNCH_WAIT,ST045712
1095,05:03:08.11,1153,C,F,N,-1.9,30.7,4.36,002901.799,,,,00,LAUNCH_WAIT,ST045712
1095,05:03:09.11,1154,C,F,N,-1.9,30.7,4.36,002902.799,,,,00,LAUNCH_WAIT,ST045712
1095,05:03:10.11,1155,C,F,N,-1.9,30.7,4.36,002903.799,,,,00,LAUNCH_WAIT,ST045712
1095,05:03:11.11,1156,C,F,N,-2.0,30.7,4.36,002904.799,,,,00,LAUNCH_WAIT,ST045712
1095,05:03:12.11,1157,C,F,N,-2.0,30.7,4.36,002905.799,,,,00,LAUNCH_WAIT,ST045712
1095,05:03:13.11,1158,C,F,N,-2.0,30.7,4.35,002906.799,,,,00,LAUNCH_WAIT,ST045712
1095,05:03:14.11,1159,C,F,N,-1.9,30.6,4.35,002907.799,,,,00,LAUNCH_WAIT,ST045712
1095,05:03:15.11,1160,C,F,N,-1.9,30.6,4.36,002908.799,,,,00,LAUNCH_WAIT,ST045712
1095,05:03:16.11,1161,C,F,N,-1.9,30.6,4.36,002909.799,,,,00,LAUNCH_WAIT,ST045712
1095,05:03:17.11,1162,C,F,N,-1.9,30.6,4.36,002910.799,,,,00,LAUNCH_WAIT,ST045712
1095,05:03:18.11,1163,C,F,N,-1.9,30.6,4.36,002911.799,,,,00,LAUNCH_WAIT,ST045712
1095,05:03:19.11,1164,C,F,N,-2.0,30.6,4.36,002912.799,,,,00,LAUNCH_WAIT,ST045712
1095,05:03:20.11,1165,C,F,N,-1.9,30.6,4.36,002913.799,,,,00,LAUNCH_WAIT,ST045712
1095,05:03:21.11,1166,C,F,N,-2.0,30.6,4.36,002914.799,,,,00,LAUNCH_WAIT,ST045712
1095,05:03:22.11,1167,C,F,N,-2.0,30.6,4.36,002915.799,,,,00,LAUNCH_WAIT,ST045712
1095,05:03:23.11,1168,C,F,N,-2.0,30.6,4.36,002916.799,,,,00,LAUNCH_WAIT,ST045712
1095,05:03:24.11,1169,C,F,N,-2.0,30.6,4.36,002917.799,,,,00,LAUNCH_WAIT,ST045712
1095,05:03:25.11,1170,C,F,N,-2.0,30.6,4.36,002918.799,,,,00,LAUNCH_WAIT,ST045712
1095,05:03:26.11,1171,C,F,N,-2.0,30.6,4.36,002919.799,,,,00,LAUNCH_WAIT,ST045712
1095,05:03:27.11,1172,C,F,N,-2.0,30.6,4.36,002920.799,,,,00,LAUNCH_WAIT,ST045712
1095,05:03:28.11,1173,C,F,N,-2.0,30.6,4.36,002921.799,,,,00,LAUNCH_WAIT,ST045712
1095,05:03:29.11,1174,C,F,N,-1.9,30.6,4.36,002922.799,,,,00,LAUNCH_WAIT,ST045712
1095,05:03:30.11,1175,C,F,N,-1.9,30.6,4.36,002923.799,,,,00,LAUNCH_WAIT,ST045712
1095,05:03:31.11,1176,C,F,N,-1.9,30.6,4.35,002924.799,,,,00,LAUNCH_WAIT,ST045712
1095,05:03:32.11,1177,C,F,N,-1.9,30.6,4.36,002925.799,,,,00,LAUNCH_WAIT,ST045712
1095,05:03:33.11,1178,C,F,N,-1.9,30.6,4.36,002926.799,,,,00,LAUNCH_WAIT,ST045712
1095,05:03:34.11,1179,C,F,N,-1.9,30.6,4.36,002927.799,,,,00,LAUNCH_WAIT,ST045712
1095,05:03:35.11,1180,C,F,N,-1.9,30.6,4.36,002928.799,,,,00,LAUNCH_WAIT,ST045712
1095,05:03:36.11,1181,C,F,N,-1.9,30.6,4.36,002929.799,,,,00,LAUNCH_WAIT,ST045712
1095,05:03:37.11,1182,C,F,N,-2.0,30.6,4.36,002930.799,,,,00,LAUNCH_WAIT,ST045712
1095,05:03:38.11,1183,C,F,N,-2.0,30.6,4.36,002931.799,,,,00,LAUNCH_WAIT,ST045712
1095,05:03:39.11,1184,C,F,N,-2.0,30.5,4.36,002932.799,,,,00,LAUNCH_WAIT,ST045712
1095,05:03:40.11,1185,C,F,N,-2.0,30.5,4.36,002933.799,,,,00,LAUNCH_WAIT,ST045712
1095,05:03:41.11,1186,C,F,N,-2.0,30.5,4.36,002934.799,,,,00,LAUNCH_WAIT,ST045712
1095,05:03:42.11,1187,C,F,N,-2.0,30.5,4.35,002935.799,,,,00,LAUNCH_WAIT,ST045712
1095,05:03:43.11,1188,C,F,N,-2.0,30.5,4.36,002936.799,,,,00,LAUNCH_WAIT,ST045712
1095,05:03:44.11,1189,C,F,N,-2.0,30.5,4.35,002937.799,,,,00,LAUNCH_WAIT,ST045712
1095,05:03:45.11,1190,C,F,N,-2.0,30.5,4.36,002938.799,,,,00,LAUNCH_WAIT,ST045712
1095,05:03:46.11,1191,C,F,N,-2.0,30.5,4.36,002939.799,,,,00,LAUNCH_WAIT,ST045712
1095,05:03:47.11,1192,C,F,N,-2.0,30.5,4.36,002940.799,,,,00,LAUNCH_WAIT,ST045712
1095,05:03:48.11,1193,C,F,N,-2.1,30.5,4.36,002941.799,,,,00,LAUNCH_WAIT,ST045712
1095,05:03:49.11,1194,C,F,N,-2.1,30.5,4.36,002942.799,,,,00,LAUNCH_WAIT,ST045712
1095,05:03:50.11,1195,C,F,N,-2.1,30.5,4.36,002943.799,,,,00,LAUNCH_WAIT,ST045712
1095,05:03:51.11,1196,C,F,N,-2.1,30.5,4.36,002944.799,,,,00,LAUNCH_WAIT,ST045712
1095,05:03:52.11,1197,C,F,N,-2.1,30.5,4.36,002945.799,,,,00,LAUNCH_WAIT,ST045712
1095,05:03:53.12,1198,C,F,N,-2.1,30.5,4.36,002946.799,,,,00,LAUNCH_WAIT,ST045712
1095,05:03:54.12,1199,C,F,N,-2.1,30.5,4.36,002947.799,,,,00,LAUNCH_WAIT,ST045712
1095,05:11:27.20,2061,C,F,N,-2.9,28.9,4.35,004411.500,,,,00,LAUNCH_WAIT,ST045712
1095,05:11:28.20,2062,C,F,N,-3.0,28.9,4.36,004412.500,,,,00,LAUNCH_WAIT,ST045712
1095,05:11:29.20,2063,C,F,N,-2.9,28.9,4.35,004413.500,,,,00,LAUNCH_WAIT,ST045712
1095,05:11:30.20,2064,C,F,N,-2.9,28.9,4.36,004414.500,,,,00,LAUNCH_WAIT,ST045712
1095,05:11:31.20,2065,C,F,N,-2.9,28.9,4.36,004415.500,,,,00,LAUNCH_WAIT,ST045712
1095,05:11:32.20,2066,C,F,N,-2.9,28.9,4.35,004416.500,,,,00,LAUNCH_WAIT,ST045712
